fecha_semana,nombre_semana,author,datetime,datetime_parsed_utc,url,text,replies,retweets,likes,bookmarks,views,query_used,is_reply,in_reply_to_url
,2026-02-01_al_2026-02-15_Twitter,@isaacsolar,2026-02-14T20:41:02.000Z,2026-02-14T20:41:02+00:00,https://x.com/isaacsolar/status/2022773097296708064,Trabajamos en coordinación con la Jurisdicción Sanitaria del ISEM para reforzar la prevención y proteger la salud de la ciudadanía. Seguiremos trabajando de manera conjunta para fortalecer la vigilancia sanitaria y atender de forma oportuna cualquier situación que represente un riesgo para las y los naucalpenses. #Naucalpan #Salud #Prevencion #ISEM #Edomex #Sarampion,0,0,0,0,0,from:isaacsolar since:2026-02-01 until:2026-02-15,False,
,2026-02-01_al_2026-02-15_Twitter,@isaacsolar,2026-02-14T19:52:59.000Z,2026-02-14T19:52:59+00:00,https://x.com/isaacsolar/status/2022761005600657518,"El Gobierno de Ciudad #Naucalpan, a través de la Coordinación de Atención y Bienestar Animal, resguardó a un perrito herido y abandonado en San Rafael Chamapa IV Recibe atención médica y será esterilizado para integrarse a adopción responsable #AquiGobiernaLaEsperanza",0,0,0,0,0,from:isaacsolar since:2026-02-01 until:2026-02-15,False,
,2026-02-01_al_2026-02-15_Twitter,@isaacsolar,2026-02-14T18:42:01.000Z,2026-02-14T18:42:01+00:00,https://x.com/isaacsolar/status/2022743145344045552,"Huellas de la Transformación en Rosa de Castilla. Con Huellas de la Transformación renovamos el andador de Las Torres: 60 luminarias nuevas, asfalto, cancha rehabilitada y más de 11 toneladas de residuos retirados. Hoy es un espacio más iluminado, seguro y digno para las familias. En Ciudad Naucalpan no prometemos, cumplimos. #AquiGobiernaLaEsperanza #Naucalpan #HuellasDeLaTransformacion",0,0,0,0,0,from:isaacsolar since:2026-02-01 until:2026-02-15,False,
,2026-02-01_al_2026-02-15_Twitter,@isaacsolar,2026-02-14T18:37:38.000Z,2026-02-14T18:37:38+00:00,https://x.com/isaacsolar/status/2022742043227742676,"Regresamos a Rosa de Castilla para dejar una huella más del programa Huellas de la Transformación, donde rehabilitamos el andador de Las Torres con resultados concretos: instalamos 60 luminarias nuevas, aplicamos 24 toneladas de asfalto caliente y 300 costales de asfalto frío; pintamos guarniciones, marcamos la cancha y rehabilitamos sus cuatro canastas. Además, realizamos podas, clareos, chaponeo, desorille, barrido manual y retiramos más de 11 toneladas de residuos. #AquiGobiernaLaEsperanza #Naucalpan #HuellasDeLaTransformacion",0,0,0,0,0,from:isaacsolar since:2026-02-01 until:2026-02-15,False,
,2026-02-01_al_2026-02-15_Twitter,@isaacsolar,2026-02-14T18:37:24.000Z,2026-02-14T18:37:24+00:00,https://x.com/isaacsolar/status/2022741984431989188,"Huella de la Transformación en Rosa de Castilla El Gobierno de Naucalpan rehabilitó el andador de Las Torres con 60 luminarias nuevas, 24 toneladas de asfalto caliente, 300 costales de asfalto frío, pintura de guarniciones y canchas, además de podas y recolección de más de 11 toneladas de residuos. De un espacio en abandono, a un lugar seguro y digno para la comunidad. #AquiGobiernaLaEsperanza #Naucalpan #HuellasDeLaTransformación #RosaDeCastilla",0,0,0,0,0,from:isaacsolar since:2026-02-01 until:2026-02-15,False,
,2026-02-01_al_2026-02-15_Twitter,@isaacsolar,2026-02-12T01:41:09.000Z,2026-02-12T01:41:09+00:00,https://x.com/isaacsolar/status/2021761459772912084,"Tercera Mesa de Coordinación para la Reconstrucción del Periférico Norte, realizada en Cuautitlán Izcalli, junto al Director General de la Junta de Caminos del Estado de México, Joel González Toral, presidentas y presidentes municipales de la región, y representantes de la",0,0,0,0,0,from:isaacsolar since:2026-02-01 until:2026-02-15,False,
,2026-02-01_al_2026-02-15_Twitter,@isaacsolar,2026-02-11T02:48:09.000Z,2026-02-11T02:48:09+00:00,https://x.com/isaacsolar/status/2021415935001706671,"Hoy celebramos 57 años del Mercado de la Cabecera Municipal de Naucalpan. El Mercado de San Bartolo es un espacio que representa trabajo, identidad y sustento para cientos de familias naucalpenses. ¡No olviden visitarlo! #AquiGobiernaLaEsperanza #Naucalpan",0,0,0,0,0,from:isaacsolar since:2026-02-01 until:2026-02-15,False,
,2026-02-01_al_2026-02-15_Twitter,@isaacsolar,2026-02-07T22:23:13.000Z,2026-02-07T22:23:13+00:00,https://x.com/isaacsolar/status/2020262097813139851,"Regresamos al Parque La Punta, en la colonia Alfredo del Mazo, para cumplir una deuda con una comunidad que nunca dejó de creer. Con Huellas de la Transformación, recuperamos este espacio con nuevas luminarias, canchas, juegos y trabajos de limpieza, devolviéndolo a niñas,",0,0,0,0,0,from:isaacsolar since:2026-02-01 until:2026-02-15,False,
,2026-02-01_al_2026-02-15_Twitter,@isaacsolar,2026-02-07T03:00:21.000Z,2026-02-07T03:00:21+00:00,https://x.com/isaacsolar/status/2019969452154994886,"Las Huellas de la Transformación llegaron a la Segunda Cerrada de Santa Úrsula, en San Lorenzo Totolinga. #AquiGobiernaLaEsperanza #HuellasDeLaTransformacion #Naucalpan #SeresSintientes #ProteccionAnimal #MundoPatitas",0,0,0,0,0,from:isaacsolar since:2026-02-01 until:2026-02-15,False,
,2026-02-01_al_2026-02-15_Twitter,@isaacsolar,2026-02-10T22:27:31.000Z,2026-02-10T22:27:31+00:00,https://x.com/isaacsolar/status/2021350343649472970,"Rueda de Prensa Compartí avances y trabajos que estamos impulsando en Ciudad Naucalpan, con el objetivo de atender temas prioritarios: Es irrefutable la disminución de la incidencia delictiva de alto impacto, con base en las cifras oficiales. Presentamos los avances del Plan de Reingeniería Hídrica. Dimos cuenta de las intervenciones del programa Huellas de la Transformación, orientadas a la recuperación de espacios públicos y al fortalecimiento de la vida comunitaria. Seguimos informando con transparencia, escuchando a la gente y trabajando en territorio por el bienestar de las familias naucalpenses. #AquiGobiernaLaEsperanza #Naucalpan #RuedaDePrensa",0,0,0,0,0,from:isaacsolar since:2026-02-01 until:2026-02-15,False,
,2026-02-01_al_2026-02-15_Twitter,@isaacsolar,2026-02-09T04:54:08.000Z,2026-02-09T04:54:08+00:00,https://x.com/isaacsolar/status/2020722864115126597,"Hoy felicito con aprecio y respeto a mi amigo José Luis Cervantes, Fiscal General de Justicia del Estado de México, con motivo de su cumpleaños. Que este nuevo año venga acompañado de bienestar personal y de muchos motivos para seguir avanzando, juntas y juntos, en la ruta de la transformación, por la dignificación y el bienestar del pueblo de México. Recibe mis mejores deseos. #Naucalpan",0,0,0,0,0,from:isaacsolar since:2026-02-01 until:2026-02-15,False,
,2026-02-01_al_2026-02-15_Twitter,@isaacsolar,2026-02-06T20:07:33.000Z,2026-02-06T20:07:33+00:00,https://x.com/isaacsolar/status/2019865569952965053,La Unidad Médica DIF Santa Lilia hoy brinda atención en condiciones dignas y seguras. #AquiGobiernaLaEsperanza #Naucalpan #Salud #DIFNaucalpan,0,0,0,0,0,from:isaacsolar since:2026-02-01 until:2026-02-15,False,
,2026-02-01_al_2026-02-15_Twitter,@isaacsolar,2026-02-06T19:17:03.000Z,2026-02-06T19:17:03+00:00,https://x.com/isaacsolar/status/2019852858171044187,"Unidad Médica DIF Santa Lilia renovada: espacios dignos, seguros y funcionales para más de 21 mil vecinas y vecinos. Seguimos transformando Ciudad Naucalpan. #AquiGobiernaLaEsperanza #Naucalpan #Salud #DIFNaucalpan",0,0,0,0,0,from:isaacsolar since:2026-02-01 until:2026-02-15,False,
,2026-02-01_al_2026-02-15_Twitter,@isaacsolar,2026-02-06T17:02:18.000Z,2026-02-06T17:02:18+00:00,https://x.com/isaacsolar/status/2019818947491615155,"Servicio de Relevo En el Palacio Municipal de Ciudad Naucalpan ya contamos con el servicio gratuito de interpretación en Lengua de Señas Mexicana, para la atención y realización de trámites. Este servicio está disponible en los módulos de atención directa al público, con el objetivo de garantizar una comunicación accesible e incluyente. Palacio Municipal de Naucalpan Lunes a viernes De 10:00 a 15:00 horas ¡Este servicio es para ti! Úsalo cuando lo necesites. #AquiGobiernaLaEsperanza #Naucalpan #Inclusion #LenguaDeSeñas #ServicioDeRelevo",0,0,0,0,0,from:isaacsolar since:2026-02-01 until:2026-02-15,False,
,2026-02-01_al_2026-02-15_Twitter,@isaacsolar,2026-02-06T16:05:03.000Z,2026-02-06T16:05:03+00:00,https://x.com/isaacsolar/status/2019804542074843510,"Después de años de abandono, hoy entregamos la Unidad Médica DIF Santa Lilia, en Lomas de San Agustín, a través del DIF Municipal de Naucalpan, para que vuelva a servir con dignidad a la comunidad. Rescatamos más de 300 m² con recursos federales del FAISMUN, para brindar medicina general y odontología en condiciones seguras y funcionales, beneficiando a más de 21 mil vecinas y vecinos. Este espacio forma parte de nuestro compromiso por fortalecer la salud comunitaria, atender rezagos históricos y seguir avanzando hacia una Clínica de Especialidades y, en el futuro, un hospital público municipal. Seguimos trabajando por el bienestar de las y los naucalpenses. #AquiGobiernaLaEsperanza #Naucalpan #DIFNaucalpan #Salud",0,0,0,0,0,from:isaacsolar since:2026-02-01 until:2026-02-15,False,
,2026-02-01_al_2026-02-15_Twitter,@isaacsolar,2026-02-06T14:31:52.000Z,2026-02-06T14:31:52+00:00,https://x.com/isaacsolar/status/2019781090957771116,"Las #HuellasDelaTransformación llegaron a la Segunda Cerrada de Santa Úrsula, en San Lorenzo Totolinga. Intervenimos este espacio para honrar la vida de Lobito y dejar claro que en Ciudad #Naucalpan la violencia no se normaliza y la vida de los seres sintientes importa. #AquiGobiernaLaEsperanza #SeresSintientes #ProteccionAnimal #ServiciosPublicos #BienestarAnimal #MundoPatitas",0,0,0,0,0,from:isaacsolar since:2026-02-01 until:2026-02-15,False,
,2026-02-01_al_2026-02-15_Twitter,@isaacsolar,2026-02-06T03:05:44.000Z,2026-02-06T03:05:44+00:00,https://x.com/isaacsolar/status/2019608419787837872,Arrancamos obras clave para mejorar el abasto de agua en Ciudad Naucalpan. #AquiGobiernaLaEsperanza #Naucalpan #PRODDER #CONAGUA #OCAVM #OAPASNaucalpan,0,0,0,0,0,from:isaacsolar since:2026-02-01 until:2026-02-15,False,
,2026-02-01_al_2026-02-15_Twitter,@isaacsolar,2026-02-06T02:16:43.000Z,2026-02-06T02:16:43+00:00,https://x.com/isaacsolar/status/2019596085128200522,"Junto a Citlalli Peraza Camacho, Directora General del Organismo de Cuenca Aguas del Valle de México (OCAVM), dimos inicio a los trabajos de Reposición del Pozo Framboyanes y a la modernización y equipamiento del Rebombeo Moctezuma La Cascada, como parte de nuestro plan de reingeniería hídrica para mejorar el abasto y la distribución del vital líquido. Estas obras, realizadas con recursos federales y municipales, beneficiarán a más de 20 mil personas y permitirán duplicar la dotación de agua en esta zona, además de incorporar tecnología de telemetría para un funcionamiento más eficiente y transparente. Durante décadas, la infraestructura hidráulica fue abandonada. Hoy estamos saldando esa deuda histórica con un plan maestro que no contempla acciones aisladas, sino soluciones que generan un efecto positivo para muchas comunidades. Nuestro compromiso es claro: invertir en infraestructura que se quede como legado, reducir la dependencia del Sistema Cutzamala y garantizar agua para hoy y para las generaciones que vienen. Seguimos trabajando en territorio, con soluciones reales, para garantizar más agua y una mejor calidad de vida en Ciudad Naucalpan. #AquiGobiernaLaEsperanza #Naucalpan #PRODDER #CONAGUA #OCAVM #OAPASNaucalpan",0,0,0,0,0,from:isaacsolar since:2026-02-01 until:2026-02-15,False,
,2026-02-01_al_2026-02-15_Twitter,@GobNau,2026-02-14T19:07:03.000Z,2026-02-14T19:07:03+00:00,https://x.com/GobNau/status/2022749445968843251,"Huellas de la Transformación en Rosa de Castilla. En Ciudad Naucalpan no prometemos, cumplimos. #AquiGobiernaLaEsperanza #Naucalpan #HuellasDeLaTransformacion",0,0,0,0,0,from:GobNau since:2026-02-01 until:2026-02-15,False,
,2026-02-01_al_2026-02-15_Twitter,@GobNau,2026-02-14T19:02:28.000Z,2026-02-14T19:02:28+00:00,https://x.com/GobNau/status/2022748294187798894,"Huella de la Transformación en Rosa de Castilla De un espacio en abandono, a un lugar seguro y digno para la comunidad. #AquiGobiernaLaEsperanza #Naucalpan #HuellasDeLaTransformación #RosaDeCastilla",0,0,0,0,0,from:GobNau since:2026-02-01 until:2026-02-15,False,
,2026-02-01_al_2026-02-15_Twitter,@GobNau,2026-02-14T19:01:45.000Z,2026-02-14T19:01:45+00:00,https://x.com/GobNau/status/2022748113325171051,El Gobierno de Naucalpan invita al Taller de Globoflexia y Decorado con Globos Inicio: 25 de febrero de 2026 10:00 a 12:00 h Auditorio Isidro Fabela Convocatoria gratuita. #AquiGobiernaLaEsperanza,0,0,0,0,0,from:GobNau since:2026-02-01 until:2026-02-15,False,
,2026-02-01_al_2026-02-15_Twitter,@GobNau,2026-02-14T18:59:36.000Z,2026-02-14T18:59:36+00:00,https://x.com/GobNau/status/2022747571320422719,"El Gobierno de Ciudad #Naucalpan, encabezado por el Alcalde Isaac Montoya, dignificó el andador de Las Torres en Rosa de Castilla con 60 luminarias, 24 t de asfalto caliente, 300 costales de asfalto frío y más de 11 t de residuos retirados. #HuellasDeLaTransformacion",0,0,0,0,0,from:GobNau since:2026-02-01 until:2026-02-15,False,
,2026-02-01_al_2026-02-15_Twitter,@GobNau,2026-02-14T17:43:09.000Z,2026-02-14T17:43:09+00:00,https://x.com/GobNau/status/2022728332463239258,"¿Sabías qué? En Brasil 2014, el mundo conoció a Fuleco, el armadillo amarillo-azul que se convirtió en símbolo de la conciencia ecológica y la pasión por el fútbol. Su nombre une “fútbol” y “ecología”. #AquiGobiernaLaEsperanza #HuellasDelMundial #Naucalpan",0,0,0,0,0,from:GobNau since:2026-02-01 until:2026-02-15,False,
,2026-02-01_al_2026-02-15_Twitter,@GobNau,2026-02-13T23:01:38.000Z,2026-02-13T23:01:38+00:00,https://x.com/GobNau/status/2022446092525228167,"Taller Facial y Spa de Manos El Gobierno de Ciudad Naucalpan invita a participar en este espacio de cuidado personal y bienestar, dirigido a mujeres. Informes: 55 8789 5483 #AquiGobiernaLaEsperanza #Naucalpan #IMNIS",0,0,0,0,0,from:GobNau since:2026-02-01 until:2026-02-15,False,
,2026-02-01_al_2026-02-15_Twitter,@GobNau,2026-02-13T22:03:05.000Z,2026-02-13T22:03:05+00:00,https://x.com/GobNau/status/2022431358853726464,"El Gobierno de Ciudad #Naucalpan, encabezado por el Presidente Municipal Isaac Montoya, llevó a cabo la conferencia “Inteligencia Vivencial – Nivel Estructural vs. Estrés”, en el Centro Cultural Ágora del Parque Naucalli. #AquiGobiernaLaEsperanza",0,0,0,0,0,from:GobNau since:2026-02-01 until:2026-02-15,False,
,2026-02-01_al_2026-02-15_Twitter,@GobNau,2026-02-13T22:02:09.000Z,2026-02-13T22:02:09+00:00,https://x.com/GobNau/status/2022431123997864335,Seguimos transformando Ciudad Naucalpan #AquiGobiernaLaEsperanza #Naucalpan #Mercado #ElMolinito,0,0,0,0,0,from:GobNau since:2026-02-01 until:2026-02-15,False,
,2026-02-01_al_2026-02-15_Twitter,@GobNau,2026-02-13T21:55:34.000Z,2026-02-13T21:55:34+00:00,https://x.com/GobNau/status/2022429465041682786,"El Gobierno de Ciudad #Naucalpan, encabezado por el Alcalde Isaac Montoya, entregó la Unidad Médica “La #Raquelito”, como parte del fortalecimiento de la infraestructura de salud en el municipio, a través del Sistema Municipal DIF. #AquiGobiernaLaEsperanza",0,0,0,0,0,from:GobNau since:2026-02-01 until:2026-02-15,False,
,2026-02-01_al_2026-02-15_Twitter,@GobNau,2026-02-13T21:21:34.000Z,2026-02-13T21:21:34+00:00,https://x.com/GobNau/status/2022420909114421469,El Gobierno de Ciudad Naucalpan dio inicio a la rehabilitación del Tanque de Agua Potable Jardines de La Florida #AquiGobiernaLaEsperanza #Naucalpan #OAPAS #PRODDER #LaFlorida,0,0,0,0,0,from:GobNau since:2026-02-01 until:2026-02-15,False,
,2026-02-01_al_2026-02-15_Twitter,@GobNau,2026-02-13T20:02:18.000Z,2026-02-13T20:02:18+00:00,https://x.com/GobNau/status/2022400962049048686,"El amor no tiene una sola forma El Gobierno de Ciudad #Naucalpan invita al recorrido comunitario por el Cerro de Moctezuma, en el marco del Día del Amor y la Amistad, para reflexionar y convivir desde la diversidad y el respeto. #AquiGobiernaLaEsperanza",0,0,0,0,0,from:GobNau since:2026-02-01 until:2026-02-15,False,
,2026-02-01_al_2026-02-15_Twitter,@GobNau,2026-02-13T18:53:50.000Z,2026-02-13T18:53:50+00:00,https://x.com/GobNau/status/2022383730417971361,"Como parte de la estrategia para fortalecer la autonomía económica y el desarrollo de habilidades creativas, el Gobierno de Ciudad #Naucalpan, encabezado por el Alcalde Isaac Montoya, realizó el taller “Decoupage: Arte con servilletas”. #AquiGobiernaLaEsperanza #Mujeres",0,0,0,0,0,from:GobNau since:2026-02-01 until:2026-02-15,False,
,2026-02-01_al_2026-02-15_Twitter,@GobNau,2026-02-13T18:39:39.000Z,2026-02-13T18:39:39+00:00,https://x.com/GobNau/status/2022380164160598072,"El Gobierno de Ciudad Naucalpan, encabezado por el Presidente Municipal, Isaac Montoya, dio inicio de obra a la Rehabilitación y Equipamiento del Rebombeo Remedios, en Bosque de Los Remedios. #AquiGobiernaLaEsperanza #Naucalpan #OAPAS #PRODDER #BosqueDeLosRemedios",0,0,0,0,0,from:GobNau since:2026-02-01 until:2026-02-15,False,
,2026-02-01_al_2026-02-15_Twitter,@GobNau,2026-02-13T17:27:32.000Z,2026-02-13T17:27:32+00:00,https://x.com/GobNau/status/2022362015222657530,"¿Sabías qué? Zakumi fue la mascota oficial del Mundial de Sudáfrica 2010. Su nombre combina “ZA”, abreviatura internacional de Sudáfrica, y “kumi”, que significa diez en varios idiomas africanos. #AquiGobiernaLaEsperanza #HuellasDelMundial #Naucalpan",0,0,0,0,0,from:GobNau since:2026-02-01 until:2026-02-15,False,
,2026-02-01_al_2026-02-15_Twitter,@GobNau,2026-02-13T17:15:44.000Z,2026-02-13T17:15:44+00:00,https://x.com/GobNau/status/2022359045982617605,Seguimos transformando Ciudad Naucalpan En el Mercado del Molinito realizamos trabajos para mejorar su infraestructura y garantizar espacios más seguros y funcionales para comerciantes y visitantes. #AquiGobiernaLaEsperanza #Naucalpan #Mercado #ElMolinito,0,0,0,0,0,from:GobNau since:2026-02-01 until:2026-02-15,False,
,2026-02-01_al_2026-02-15_Twitter,@GobNau,2026-02-13T17:13:31.000Z,2026-02-13T17:13:31+00:00,https://x.com/GobNau/status/2022358487741682112,"El Presidente Municipal, Isaac Montoya, supervisó los trabajos en el Mercado Público del Molinito Más seguridad, funcionalidad y conectividad para la comunidad. #AquiGobiernaLaEsperanza #Naucalpan #ElMolinito",0,0,0,0,0,from:GobNau since:2026-02-01 until:2026-02-15,False,
,2026-02-01_al_2026-02-15_Twitter,@GobNau,2026-02-13T03:17:22.000Z,2026-02-13T03:17:22+00:00,https://x.com/GobNau/status/2022148061032591423,"El Gobierno de Ciudad Naucalpan invita a vecinas y vecinos a participar en el torneo “Que ruede el balón por la paz”, un espacio de convivencia, deporte y construcción comunitaria. ¡Las y los esperamos! #AquiGobiernaLaEsperanza #Naucalpan #MesaDePaz #DeportePorLaPaz",0,0,0,0,0,from:GobNau since:2026-02-01 until:2026-02-15,False,
,2026-02-01_al_2026-02-15_Twitter,@GobNau,2026-02-13T02:01:44.000Z,2026-02-13T02:01:44+00:00,https://x.com/GobNau/status/2022129026941296823,"Festival Feminista de Música: “Vivas, Libres y Sonando” Consulta las imágenes para conocer requisitos y datos de contacto para participar. #AquiGobiernaLaEsperanza #Naucalpan #Mujeres #Festival #Musica",0,0,0,0,0,from:GobNau since:2026-02-01 until:2026-02-15,False,
,2026-02-01_al_2026-02-15_Twitter,@GobNau,2026-02-13T01:31:07.000Z,2026-02-13T01:31:07+00:00,https://x.com/GobNau/status/2022121324026404951,"Conferencia: “El servicio como ventaja competitiva” Consulta sede, fecha, horario y datos de registro directamente en la imagen. #AquiGobiernaLaEsperanza #Naucalpan #FomentoEconomico",0,0,0,0,0,from:GobNau since:2026-02-01 until:2026-02-15,False,
,2026-02-01_al_2026-02-15_Twitter,@GobNau,2026-02-12T23:45:29.000Z,2026-02-12T23:45:29+00:00,https://x.com/GobNau/status/2022094739755901282,"#Naucalpan firmó el Convenio de Jornadas de Conciliación Laboral con la Secretaría del Trabajo del Edoméx y 25 municipios, para fortalecer el diálogo, resolver laudos pendientes y consolidar la justicia laboral desde el ámbito local. #AquiGobiernaLaEsperanza #JusticiaLaboral",0,0,0,0,0,from:GobNau since:2026-02-01 until:2026-02-15,False,
,2026-02-01_al_2026-02-15_Twitter,@GobNau,2026-02-12T22:50:23.000Z,2026-02-12T22:50:23+00:00,https://x.com/GobNau/status/2022080873856721041,"Seguimos transformando Ciudad Naucalpan Se realizaron mejoras en el Mercado Público Salvador Sánchez Colín, en Santiago Ahuizotla. 2,026.29 m² atendidos 57,846 habitantes beneficiados #AquiGobiernaLaEsperanza #Naucalpan #HuellasDeLaTransformacion",0,0,0,0,0,from:GobNau since:2026-02-01 until:2026-02-15,False,
,2026-02-01_al_2026-02-15_Twitter,@GobNau,2026-02-12T22:47:50.000Z,2026-02-12T22:47:50+00:00,https://x.com/GobNau/status/2022080234007269744,"Tras más de 50 años sin atención integral, hoy dignificamos 2,026 m² al mercado Salvador Sánchez Colín en Santiago Ahuizotla, con nueva techumbre y mejoras estructurales. Transformar es dejar huella. #AquiGobiernaLaEsperanza #Naucalpan #HuellasDeLaTransformacion",0,0,0,0,0,from:GobNau since:2026-02-01 until:2026-02-15,False,
,2026-02-01_al_2026-02-15_Twitter,@GobNau,2026-02-12T21:30:42.000Z,2026-02-12T21:30:42+00:00,https://x.com/GobNau/status/2022060821556122045,"Cafecito Feminista Desde el Gobierno de #Naucalpan, a través del IMNIS, realizamos este espacio seguro y sororo, en el Deportivo 21 de Marzo. ¿Lo quieres en tu colonia? 55 8789 5483 #AquiGobiernaLaEsperanza #CafecitoFeminista",0,0,0,0,0,from:GobNau since:2026-02-01 until:2026-02-15,False,
,2026-02-01_al_2026-02-15_Twitter,@GobNau,2026-02-12T21:02:03.000Z,2026-02-12T21:02:03+00:00,https://x.com/GobNau/status/2022053611996352912,"Unidades Móviles EDOMÉX en Ciudad Naucalpan Del 25 de febrero al 11 de marzo. 9:00 a 15:00 horas. Consulta fechas, sedes y servicios disponibles directamente en las imágenes. #AquiGobiernaLaEsperanza #Naucalpan #UnidadesMoviles #RegistroCivil",0,0,0,0,0,from:GobNau since:2026-02-01 until:2026-02-15,False,
,2026-02-01_al_2026-02-15_Twitter,@GobNau,2026-02-12T18:11:10.000Z,2026-02-12T18:11:10+00:00,https://x.com/GobNau/status/2022010605566091627,"Taller de Elaboración de Joyería Fina Martes 17 de febrero 10:00 a 12:00 horas Oficinas del IMNIS Av. Juárez No. 39, Fracc. El Mirador, Naucalpan de Juárez. Informes: 55 8789 5483 #AquiGobiernaLaEsperanza #Naucalpan #IMNIS #JoyeriaFina #Taller",0,0,0,0,0,from:GobNau since:2026-02-01 until:2026-02-15,False,
,2026-02-01_al_2026-02-15_Twitter,@GobNau,2026-02-12T17:30:58.000Z,2026-02-12T17:30:58+00:00,https://x.com/GobNau/status/2022000488384700588,"Realiza tu Servicio Social en el IMNIS Consulta requisitos, áreas y datos de contacto directamente en la imagen. #AquIGobiernaLaEsperanza #Naucalpan #IMNIS #ServicioSocial",0,0,0,0,0,from:GobNau since:2026-02-01 until:2026-02-15,False,
,2026-02-01_al_2026-02-15_Twitter,@GobNau,2026-02-12T16:52:10.000Z,2026-02-12T16:52:10+00:00,https://x.com/GobNau/status/2021990727647912306,"El Gobierno de Ciudad #Naucalpan, encabezado por el Presidente Isaac Montoya, puso en marcha el torneo Equipos #MundialSocial a través del #IMCUFIDEN. Inicia el 2 de marzo y concluirá el 11 de julio. #AquiGobiernaLaEsperanza",0,0,0,0,0,from:GobNau since:2026-02-01 until:2026-02-15,False,
,2026-02-01_al_2026-02-15_Twitter,@GobNau,2026-02-12T16:31:11.000Z,2026-02-12T16:31:11+00:00,https://x.com/GobNau/status/2021985446960541823,"El Gobierno de Ciudad #Naucalpan, encabezado por el Presidente Isaac Montoya, puso en marcha el torneo Equipos #MundialSocial a través del #IMCUFIDEN. Inicia el 2 de marzo y concluirá el 11 de julio. #AquiGobiernaLaEsperanza",0,0,0,0,0,from:GobNau since:2026-02-01 until:2026-02-15,False,
,2026-02-01_al_2026-02-15_Twitter,@GobNau,2026-02-12T16:05:49.000Z,2026-02-12T16:05:49+00:00,https://x.com/GobNau/status/2021979061703069926,"Red de Mujeres Transformadoras de Ciudad Naucalpan A través del IMNIS, impulsamos este espacio para fortalecer el liderazgo, el autocuidado y la sororidad entre mujeres del municipio. #AquiGobiernaLaEsperanza #Naucalpan #IMNIS #MujeresTransformadoras",0,0,0,0,0,from:GobNau since:2026-02-01 until:2026-02-15,False,
,2026-02-01_al_2026-02-15_Twitter,@GobNau,2026-02-12T13:05:19.000Z,2026-02-12T13:05:19+00:00,https://x.com/GobNau/status/2021933639005606141,"¿Sabías que? En el Mundial de Alemania 2006, las mascotas oficiales fueron Goleo VI & Pille, un león con camiseta blanca y un balón parlante que acompañaron la fiesta del fútbol en ese país. #AquiGobiernaLaEsperanza #HuellasDelMundial #Naucalpan",0,0,0,0,0,from:GobNau since:2026-02-01 until:2026-02-15,False,
,2026-02-01_al_2026-02-15_Twitter,@GobNau,2026-02-12T13:03:41.000Z,2026-02-12T13:03:41+00:00,https://x.com/GobNau/status/2021933226978083106,"El Gobierno de Ciudad Naucalpan invita a la conmemoración del Día Nacional del Águila Real , símbolo de identidad, fuerza y conservación. 13 feb 2026 | 9:30 hrs. Dirección de Medio Ambiente, Av. Morelos 61. #AquiGobiernaLaEsperanza #Naucalpan #AguilaReal #MedioAmbiente",0,0,0,0,0,from:GobNau since:2026-02-01 until:2026-02-15,False,
,2026-02-01_al_2026-02-15_Twitter,@GobNau,2026-02-12T05:13:31.000Z,2026-02-12T05:13:31+00:00,https://x.com/GobNau/status/2021814906643697691,"Conferencia: Inteligencia Vivencial – Nivel Estructural vs Estrés Consulta sede, fecha, horario y datos de registro directamente en la imagen. #AquiGobiernaLaEsperanza #Naucalpan #DesarrolloEconomico",0,0,0,0,0,from:GobNau since:2026-02-01 until:2026-02-15,False,
,2026-02-01_al_2026-02-15_Twitter,@GobNau,2026-02-12T03:31:09.000Z,2026-02-12T03:31:09+00:00,https://x.com/GobNau/status/2021789143634677909,"Vacantes de empleo en #Naucalpan Si tienes experiencia en fibra óptica, esta es tu oportunidad. Consulta perfiles, requisitos, salario y datos de contacto directamente en las imágenes de esta publicación. #AquiGobiernaLaEsperanza",0,0,0,0,0,from:GobNau since:2026-02-01 until:2026-02-15,False,
,2026-02-01_al_2026-02-15_Twitter,@GobNau,2026-02-12T02:01:47.000Z,2026-02-12T02:01:47+00:00,https://x.com/GobNau/status/2021766653822808456,"El Gobierno de Ciudad Naucalpan, a través del Instituto de las Mujeres Naucalpenses y la Igualdad Sustantiva, invita al Bazar de San Valentín de Mujeres Emprendedoras Naucalpenses. #AquiGobiernaLaEsperanza #Naucalpan #Mujeres #Emprendimiento #SanValentín",0,0,0,0,0,from:GobNau since:2026-02-01 until:2026-02-15,False,
,2026-02-01_al_2026-02-15_Twitter,@GobNau,2026-02-12T01:44:22.000Z,2026-02-12T01:44:22+00:00,https://x.com/GobNau/status/2021762271593087482,"Caravana “Estamos Contigo” de Ciudad Naucalpan 10:00 a 14:30 horas. Calle C, Retorno Reforma Agraria, Pueblo San Juan Totoltepec. Seguimos trabajando por el bienestar y los derechos de las mujeres naucalpenses. #AquiGobiernaLaEsperanza #Naucalpan #Caravana",0,0,0,0,0,from:GobNau since:2026-02-01 until:2026-02-15,False,
