titulo,fecha,iso_date,fuente,autor,url,url_google,thumbnail,texto,origen
Edomex publicará informe sobre el uso de recursos para las Alertas de Violencia de Género - El Sol de México,2026-03-14 07:00,2026-03-14T07:00:00+00:00,El Sol de México,,https://oem.com.mx/elsoldetoluca/local/edomex-publicara-informe-sobre-el-uso-de-recursos-para-las-alertas-de-violencia-de-genero-28966731,https://news.google.com/rss/articles/CBMi0wFBVV95cUxNaTNLOG1pRTdiak5OMTBIdFZham4yVm1WSFA2eERwSWVPeGttcjAtNUR2RHpYckU4TTdBVi1oMTZ3VTRzajJ4a3FBVnhvbkd0RUVsR2VTNWQ2UGhaM3JHNDdzLVJWa2tEQXZfeTkzamhQNUtEN1YyQWFOODUwZy14b3hwRWljczNCNkZleXZXUnkwQ1hyVUxxa1BYRXltdV9oamE0WXNYTHVXLXpWWDR6UXB6UHduS0R1NEx5UGRodWxjQXlWUEJkWnVBalZidTNmRU8w?oc=5,,"Localsábado, 14 de marzo de 2026
Edomex publicará informe sobre el uso de recursos para las Alertas de Violencia de Género
La Secretaría de las Mujeres del Estado de México está a punto de presentar su informe sobre el uso de los recursos para las Alertas de Violencia de Género, un documento clave para conocer cómo se han aplicado los fondos destinados a la prevención y atención de la violencia en los municipios con declaratoria de alerta",GOOGLE_NEWS_RSS
"Detienen a 158 presuntos “farderos” por robo en tiendas y supermercados en lo que va del año, en CDMX - El Sol de México",2026-03-14 07:00,2026-03-14T07:00:00+00:00,El Sol de México,,https://oem.com.mx/la-prensa/policiaca/detienen-a-158-presuntos-farderos-por-robo-en-tiendas-y-supermercados-en-lo-que-va-del-ano-en-cdmx-28964275,https://news.google.com/rss/articles/CBMi3wFBVV95cUxNUDE3ZVFmS3FZWUpYMWlUeGVxaTJMdzZyekROOGZwbldIaXpocGJUYW80UnhxMFk0M21TMlNfWFVmb2RjRlo3SnVuMHA5d19QSmNGUUwxWFdfeHNLQjM3NG5HekRFUGJRODBOT09VM1N6NzZJUjc4STBlZmZ4eE91X3N4RnJLWDROWDF0VWJ3OVQ2VEVWcjNtQ2o0UnJrUFNYcUxocVhZY3J5TGJJUnpLWmJVNFZaMDc2Ukx4SVZHWHVUM0ZLOV9GWnpNelhZUVF4M1JBcEMxMktQY3lYNldZ?oc=5,,"Detienen a 158 presuntos “farderos” por robo en tiendas y supermercados en lo que va del año, en CDMX
En total, la mercancía recuperada durante estas intervenciones supera los 4.6 millones de pesos
Daniela Cabrera / La Prensa
En total, la mercancía recuperada durante estas intervenciones supera los 4.6 millones de pesos
Daniela Cabrera / La Prensa",GOOGLE_NEWS_RSS
Cerca de la mitad de las Pymes en Edomex enfrenta dificultades para acceder a créditos - El Sol de México,2026-03-14 07:00,2026-03-14T07:00:00+00:00,El Sol de México,,https://oem.com.mx/elsoldetoluca/local/cerca-de-la-mitad-de-las-pymes-en-edomex-enfrenta-dificultades-para-acceder-a-creditos-28929683,https://news.google.com/rss/articles/CBMizwFBVV95cUxNREdWSEdjRDdia1d6ek9mb1UzSlFfR0Z1N2lCbnJpWllzMFFDOVM2NE1zdnJKZ3VEVDdkRmV1MDlpUTcwX3JiQjY0OFZCNjcyRjBrcFUxd2piaGt6NU5kVTNtejdTQlZ6RHlidWFrMHN6bWlDMlptMVRJSk5jNVBxdUZMWEJQSUd3dWVFZDZWZWZnMWYwUkhRc3N6VDFPWnJFUDJWZFVoYTdUQjhvNFhiVFBqWU01Ym13ZFptWnRVUW05aEdyMlZ4dDZCY1JVbzg?oc=5,,"Localsábado, 14 de marzo de 2026
Cerca de la mitad de las Pymes en Edomex enfrenta dificultades para acceder a créditos
Ante este panorama, la Secretaría de Desarrollo Económico del Estado de México ha impulsado esquemas de financiamiento para emprendedores y pequeños negocios; en la actual administración se han otorgado más de cinco mil créditos, principalmente a proyectos productivos encabezados por mujeres.",GOOGLE_NEWS_RSS
Volcadura de tráiler paraliza la autopista México–Querétaro en Coyotepec - El Sol de México,2026-03-14 07:00,2026-03-14T07:00:00+00:00,El Sol de México,,https://oem.com.mx/elsoldetoluca/policiaca/volcadura-de-trailer-paraliza-la-autopista-mexico-queretaro-en-coyotepec-28967765,https://news.google.com/rss/articles/CBMiwgFBVV95cUxPYzFHQW1ueTl3UVpNU0xQbzhMUmxSSEVKaFF0YW10VVY0bk5uSEYzZ0hZRWltM20xd1cwODRwd3hoaTZHcXRLTkVRX0xHcjlTNnMzVXlZeUQxdmRicmY1d1dGNE9TZ2M5amdCQXR5TWxmM0VXcEtsX19GWVE1V1U1TU5UaWh1NjZsS29iVnhnRWZIMm9oMUpPOGp0WDFEeHl6a3RLTW5uY1ZPWHFrZVJwVVFGUFhTSEx5bmlodkVHSmpVQQ?oc=5,,"Policiacasábado, 14 de marzo de 2026
Volcadura de tráiler paraliza la autopista México–Querétaro en Coyotepec
La pesada unidad quedó atravesada sobre la autopista, lo que obligó a restringir la circulación y generó afectaciones viales en ambos sentidos.",GOOGLE_NEWS_RSS
Denuncian detenciones injustas por robo de motocicletas en el Estado de México - El Sol de México,2026-03-13 07:00,2026-03-13T07:00:00+00:00,El Sol de México,,https://oem.com.mx/elsoldetoluca/local/denuncian-detenciones-injustas-por-robo-de-motocicletas-en-el-estado-de-mexico-28953097,https://news.google.com/rss/articles/CBMixAFBVV95cUxObWI5bzlVZ1o5WHoxZHM1X1RfSjRZdTNJN2Yxa0ZfSWNpREVSbEJJSVVGaW5WYkxjV21vX09FNXRrWUhPZU5ORDY4THFXa2RQeW1uREJ2YTdUY2pLWlRSVFR1UEZjZWtCYTJQWjVIRGpJVEV3X2xLaDRNMFlpQlVFY29oYk54Nkh4NEk1Qk5DSi1YREhTeGRTeGZTejFObHZrblRpM2ZVNXBOT2g0Y1RxVWFWbDVOam1iZzg3cjF6SkFuTkFm?oc=5,,"Localviernes, 13 de marzo de 2026
Denuncian detenciones injustas por robo de motocicletas en el Estado de México
Organizaciones de derechos humanos advierten que jóvenes indígenas y de bajos recursos son acusados de robo de motocicleta sin pruebas en el Estado de México",GOOGLE_NEWS_RSS
Alistan Macrolibramiento Mexiquense entre Naucalpan y Tlalne; reducirá hasta 25 minutos el traslado al AIFA - El Sol de México,2026-03-13 07:00,2026-03-13T07:00:00+00:00,El Sol de México,,https://oem.com.mx/la-prensa/metropoli/construyen-en-tlalne-y-naucalpan-el-macrolibramiento-mexiquense-28949591,https://news.google.com/rss/articles/CBMisAFBVV95cUxNUUtLd1lzbkJ3Mm5VSkpTQ3FYSnlfak80VWtzeTNORmxWRkVXSTJpanVFM1NwWUxzT1FINVNwVlBtTExiSlZDN0MxWDUtNDZZQkwwNjhvd19YdUgtMVRKY21kdzNwOVpYdTZ0cmY4UWFEdTYzaHFESXFCZGNYZWhOaFR5b1d1NHVwcGJIWnVNUXFWSWRXN2oxMElRQVF3a3JkVXNGNDNmRDNaWmR1ajhaUg?oc=5,,"Metropoliviernes, 13 de marzo de 2026
Alistan Macrolibramiento Mexiquense entre Naucalpan y Tlalne; reducirá hasta 25 minutos el traslado al AIFA
El Macrolibramiento Mexiquense estaría listo en diciembre de este año
Rubén Pérez
El Macrolibramiento Mexiquense estaría listo en diciembre de este año
Rubén Pérez",GOOGLE_NEWS_RSS
Contingencias ambientales en CDMX 2026: se duplican frente a 2025 y acumulan 10 días por altos niveles de ozono - El Sol de México,2026-03-13 07:00,2026-03-13T07:00:00+00:00,El Sol de México,,https://oem.com.mx/elsoldemexico/metropoli/contingencias-ambientales-en-cdmx-2026-se-duplican-frente-a-2025-y-acumulan-10-dias-por-altos-niveles-de-ozono-28912966,https://news.google.com/rss/articles/CBMi9AFBVV95cUxNV0RvUFhPVE5ZMjJaZzhJSEtMMVZGS0JuNUFDR3RER05fVFFWeXNsX2RhUG5YSzg1SE5ZcmpIWWpheGYzOVJ3Y3htQ3ZFTk1kLXZCV0tLV0prZ2s3VG9oVzlwbmRneVA2UVVKWTU1UFFLR1VfUVRoYVh6U091cVBKcG9JYkNOMDMyUE5ZZW50YTQ0QnpPNkpDakZWd1RjT2RxVkZaM1U0WnUzUHdRUlljNWNDbkJob3pvZkRKb091TkVYSW1GOEZFbEhMV2lveUNmeTFBYlQwWHZMME91aW0yTll1eTF6akpYTHJ4RFNFM2F6WGhl?oc=5,,"CDMX y Edomex viven más contingencias en 2026: ya suman el doble de días que el año pasado
Los tres primeros meses del año, los capitalinos han realizado sus actividades con restricciones y medidas por la alta concentración de contaminantes
Los tres primeros meses del año, los capitalinos han realizado sus actividades con restricciones y medidas por la alta concentración de contaminantes",GOOGLE_NEWS_RSS
Balean a pareja en zona norte de Toluca; un muerto - El Sol de México,2026-03-12 07:00,2026-03-12T07:00:00+00:00,El Sol de México,,https://oem.com.mx/elsoldetoluca/local/balean-a-pareja-en-zona-norte-de-toluca-un-muerto-28936433,https://news.google.com/rss/articles/CBMingFBVV95cUxOM1FqdEFKcWZ2RE9yV1RQZlpBZ3lrdDRueEloeWFBNHY4UTdzeXNQRUFoRFJfVVBhXzdFLUp0bHl3Ym91aVgzQlpNRDd0UVhGbGZ3THlveDhabXBZQ0NRN1ltb2NLSXZLc2NKaTlWSGYtdFF0NUppUjFNcTBVcWpBM0s0amM1Q25ma0NVSmRFc3FYM3BsTkFyaC04TjI0QQ?oc=5,,"Localjueves, 12 de marzo de 2026
Balean a pareja en zona norte de Toluca; un muerto
Las víctimas se encontraban en la entrada de un domicilio en la delegación de San Cristóbal Huichochitlán; la mujer fue trasladada a un hospital
Las víctimas se encontraban en la entrada de un domicilio en la delegación de San Cristóbal Huichochitlán; la mujer fue trasladada a un hospital",GOOGLE_NEWS_RSS
Morena cuestiona incongruencia de PT y Verde tras tumbar reforma electoral - El Sol de México,2026-03-12 07:00,2026-03-12T07:00:00+00:00,El Sol de México,,https://oem.com.mx/elsoldetoluca/local/morena-cuestiona-incongruencia-de-pt-y-verde-tras-tumbar-reforma-electoral-28931635,https://news.google.com/rss/articles/CBMivwFBVV95cUxPWjJIbTh0S1VoM0VzcmJPZTl2UzZnaDFXLXlyYUdJSC0weWdGSG5seHBabWJrMzQ4cmNEY1JlS1FvVTZvMGgtcFpxVVZtNkh4b3VLZEt2NTRxdU9DUjZ3c2F2SWE3aDdRam9tdXVWS2ItUEFKREo2Tlk4SkNoQllwQTJiMlRNSG81VW83eDE0OUxDOUp2Rl94WEFLSGVWQm9vcEhqeU5pdlUwUW5zZG85bENpOWw1Y05CRGJoVWpIbw?oc=5,,"Localjueves, 12 de marzo de 2026
Morena cuestiona incongruencia de PT y Verde tras tumbar reforma electoral
Tras rechazo a reforma electoral, Morena advierte revisión de alianzas rumbo a 2027
Noe Álvarez Pascual / El Sol de Toluca
Tras rechazo a reforma electoral, Morena advierte revisión de alianzas rumbo a 2027
Noe Álvarez Pascual / El Sol de Toluca",GOOGLE_NEWS_RSS
Detienen a dos presuntos extorsionadores de la Familia Michoacana en Huixquilucan - El Sol de México,2026-03-12 07:00,2026-03-12T07:00:00+00:00,El Sol de México,,https://oem.com.mx/la-prensa/policiaca/detienen-a-dos-presuntos-extorsionadores-de-la-familia-michoacana-en-huixquilucan-28929573,https://news.google.com/rss/articles/CBMiyAFBVV95cUxPa2syWlpfX2I3QUpybF94SjVyT2dld2FBemdkaHJyVEkwUzJheFF4cEIxM3BKTFJYemdEZ2xBYVFTTUxiQ2RULWM4WVhRaXplZVEydXFBQ0czREgwX0huVTJURXZPcW5YN1NZVE1TMjlrZnQyQzYtb0t4eEV1VXJzamxrY3RTdUJiU3RNWXlLTkM0bGg3ejZDTk8yZGttLUlTVThxVFlORHlPWDExMWhkb1JaOFpCdG1sOXBGWG5PVHo0N09fSnZUSw?oc=5,,"Detienen a dos presuntos extorsionadores de la Familia Michoacana en Huixquilucan
Un hombre y un menor de 15 años, los probables responsables de cobro de piso; al parecer pedían la suma de tres millones de pesos a través de llamadas
Un hombre y un menor de 15 años, los probables responsables de cobro de piso; al parecer pedían la suma de tres millones de pesos a través de llamadas",GOOGLE_NEWS_RSS
Disminuye 20% el robo de autopartes en Edomex pero persiste mercado de piezas robadas - El Sol de México,2026-03-12 07:00,2026-03-12T07:00:00+00:00,El Sol de México,,https://oem.com.mx/elsoldetoluca/local/disminuye-20-el-robo-de-autopartes-en-edomex-pero-persiste-mercado-de-piezas-robadas-28910653,https://news.google.com/rss/articles/CBMizAFBVV95cUxORmdLYzZwSzhOZHpuZFJkZnhIdF9nWmxUM0NXUFQ2OGZjdlhKb1A2Y2NEVUZELWIyWU56QXRRTjNvaGk4TkJSaWpMVk1RZC1rVWIzTDV0ajhDZEZ2Z3pWMHdaNmRzWXNIZjBFLXdzay1BUW0zRlVhV2hPeUJXd0dEZi1KdGx5OVIzYWZ0a3k1bzM3UmZOMnpESWVwNFdwaWxOOUFDZXVzazN5RGQ0MGpVZy01c0VxX2ZBLVZMaDh5T1NiNExfTkd1VzhObFI?oc=5,,"Localjueves, 12 de marzo de 2026
Disminuye 20% el robo de autopartes en Edomex pero persiste mercado de piezas robadas
Aunque las denuncias disminuyeron en enero de 2026, mecánicos advierten que propietarios continúan comprando refacciones usadas sin conocer su procedencia.
Fernando Solís",GOOGLE_NEWS_RSS
Activan contingencia ambiental por ozono en el Valle de México; así aplica el Hoy No Circula - La Prensa - El Sol de México,2026-03-11 07:00,2026-03-11T07:00:00+00:00,El Sol de México,,https://oem.com.mx/la-prensa/metropoli/activan-contingencia-ambiental-por-ozono-en-el-valle-de-mexico-asi-aplica-el-hoy-no-circula-28890549,https://news.google.com/rss/articles/CBMi1gFBVV95cUxNTzJlMzFNRHZFUjloTTdoMXFuclUzYkVzblM2RW5xc3lsUmVkWkpiOHA3TGhJSENrNDBrVzZIMlk0R25iQndwMmNyWDdQT3FONjk1Yl9jOGtmTS1MNmdDbzItOHhWX0tyeG92T1BLRVZxdXAyOHp6NGRuNm1uVTdqODJGakVTYmdkdDJ5QThyR2kxaXJsUjdYTEs0dmhMN3k0Nk9hVUFzb2VLUnB4bmlFN0pWNnZOQ2FrcUdPdFNlZHQ4MDN1SWNvQVlCOHBCUG9yYnBibnR3?oc=5,,"¡Se queda la contingencia! El Valle de México permanece con doble Hoy no Circula este miércoles
Especialistas del Sistema de Monitoreo Atmosférico explicaron que la contaminación se agravó por la presencia de un sistema anticiclónico
Daniela Cabrera / La Prensa",GOOGLE_NEWS_RSS
Municipios con alerta de género en Edomex recibirán más de 260 millones en 2026 - El Sol de México,2026-03-11 07:00,2026-03-11T07:00:00+00:00,El Sol de México,,https://oem.com.mx/elsoldetoluca/local/municipios-con-alerta-de-genero-en-edomex-recibiran-mas-de-260-millones-en-2026-28885564,https://news.google.com/rss/articles/CBMixgFBVV95cUxPWFN6QVRLbHV6YkNMdEdBeW1KWmpJVlJ5SXdFZGpaNmQ0Q0hONC1WeVVPZWtRaUgwX3dSRWhHXzZfQ0VWbjVZR1JuQjgxanpPdzBKeWlvbFFNd1BZTWVMeGVGeHFjdUpIWUFZd2psVmcySk9RQnZmNm4wbllJVFNOM1g3ZmFGN3d0NnFfMlRzNjR1aUFvRnhzYTJaV1ZzLUNKNHEyb2tvRktPRlhYNlhrQml6d1J2dXZKZ3h1NWVmZ1VmVThPQWc?oc=5,,"Localmiércoles, 11 de marzo de 2026
Municipios con alerta de género en Edomex recibirán más de 260 millones en 2026
Toluca y Cuautitlán Izcalli concentrarán el mayor presupuesto dentro de los 11 municipios con Alerta de Violencia de Género; los recursos se enfocarán en prevención, atención a víctimas y fortalecimiento institucional
Noe Álvarez Pascual / El Sol de Toluca",GOOGLE_NEWS_RSS
Caso Ana Karen: impulsan acuerdos con plataformas para combatir violencia contra mujeres - El Sol de México,2026-03-11 07:00,2026-03-11T07:00:00+00:00,El Sol de México,,https://oem.com.mx/elsoldetoluca/local/caso-ana-karen-impulsan-acuerdos-con-plataformas-para-combatir-violencia-contra-mujeres-28901356,https://news.google.com/rss/articles/CBMi0AFBVV95cUxPYTZsYXVvckZXcU9ab1lZQjhnaWVnbG1MbjVSalREdnF3TlFyUXZPbWFEVUtEbVZYZDRKdUQ0VG5hVkdvZ1VTYVZ0aVNGdG9WVWh6azBkWHVQMGstMWJjZkJLNnJOWEs1UFl5NDhOcjhCaWhHUkMydm5OM2ptOHFELTdrU19XOVlNWXRWQUhEalhrdkRCYU54bGQ2aVhrWEZ0Tm11OUVFRGRTWnFPYUxBdWpiMWcwc08wY1lBaU5WLWtDNjQtaWpDOFFfRHRPZjR2?oc=5,,"Localmiércoles, 11 de marzo de 2026
Caso Ana Karen: impulsan acuerdos con plataformas para combatir violencia contra mujeres
Durante la conferencia matutina de este miércoles la presidenta Claudia Sheinbaum señaló que la estrategia contra la violencia debe incluir tanto el espacio físico como los entornos digitales.",GOOGLE_NEWS_RSS
Mundial 2026: Empresarios esperan 1.4 millones de turistas en Edomex - El Sol de México,2026-03-11 07:00,2026-03-11T07:00:00+00:00,El Sol de México,,https://oem.com.mx/elsoldetoluca/local/mundial-2026-empresarios-esperan-1-4-millones-de-turistas-en-edomex-28911465,https://news.google.com/rss/articles/CBMitgFBVV95cUxPSzhVNUpfdHVDX3p4WjdlaFAwMmtFT3d6a3FfSUNHMTJqQnJVQklzV2pYSlZmUDNDZkdKTmJManc2Vm5fbTdEOVFHbTNaU0t3aGJVcUN1VkpGTHFuVjNoZGU3V0xnM0lSMzduTktpZVZ6UC01TWJDU1ZFMFd2emd6TEtJRzVDeFA5YXV1N3BUU0x1TGlBclZGbkZHU0RZekdoTDY1VUhjV1BlWUxDQnB5d1dxSGdVUQ?oc=5,,"Localmiércoles, 11 de marzo de 2026
Mundial 2026: Empresarios esperan 1.4 millones de turistas en Edomex
Destinos como Teotihuacán y diversos Pueblos Mágicos podrían concentrar gran parte de la afluencia turística durante la competencia
Adriana García",GOOGLE_NEWS_RSS
Industriales atribuyen contaminación en el Valle de México al tráfico vehicular - El Sol de México,2026-03-11 07:00,2026-03-11T07:00:00+00:00,El Sol de México,,https://oem.com.mx/elsoldetoluca/local/industriales-atribuyen-contaminacion-en-el-valle-de-mexico-al-trafico-vehicular-28904474,https://news.google.com/rss/articles/CBMixgFBVV95cUxNRWRFMllzRUoxeVUyM2NTMkcyc3FxUXk1bWdIT2xtXzlDMUdKZkNhYV9KdEJFWEZVSWdqRHJyUDRUVlZmU2ZISnhBbHowbHQxTUdlYXJxcFI0LVEtTlFzX3RUMmJLcktuYURsejF1U3BPRmN4d3gyWWJSbTlJQTZpeTVKOWdBQThBZ1ZUaU5fS2hvREJIWVpreDJadkhZczhQZlJWZ0VqWkpKUWMtYl9Rek1aZ2d2V2VoMF96YnIxRjZzUTQwOGc?oc=5,,"Localmiércoles, 11 de marzo de 2026
Industriales atribuyen contaminación en el Valle de México al tráfico vehicular
Empresarios señalan que los picos de contaminación coinciden con las horas de mayor circulación vehicular en la Zona Metropolitana del Valle de México
Fernando Solís",GOOGLE_NEWS_RSS
Valle de México / La opacidad en Nicolás Romero - La Prensa - El Sol de México,2026-03-11 07:00,2026-03-11T07:00:00+00:00,El Sol de México,,https://oem.com.mx/la-prensa/analisis/valle-de-mexico-la-opacidad-en-nicolas-romero-28892284,https://news.google.com/rss/articles/CBMilwFBVV95cUxNRXRXWVhRanVOUDl5YjdkQmVpT1pWenVWRTljS1NucGpGTl95MjZBX1Y3WldnNDBpMU9mbjFmUDAxcXJvTmZPbm9STUNTZmZVNndWcW84RGVMSGd2S0txODVQWHd4LUhRSldMY3lvLU11ZHlLVTl3Mk04WUJTZnNta0hsbkVGMWtya19kUjhsYll3OHZIZm4w?oc=5,,"Análisismiércoles, 11 de marzo de 2026
Valle de México / La opacidad en Nicolás Romero
A renglón seguido
ÚLTIMAS COLUMNAS
Más Noticias
COLUMNAS
CARTONES
LOÚLTIMO
Newsletter
¿Te quedas fuera de la conversación? Mandamos a tu correo el mejor resumen informativo.",GOOGLE_NEWS_RSS
"ISSEMyM no está en números rojos, pero enfrenta presión por pensiones y deudas municipales - El Sol de Toluca - El Sol de México",2026-03-11 07:00,2026-03-11T07:00:00+00:00,El Sol de México,,https://oem.com.mx/elsoldetoluca/local/issemym-no-esta-en-numeros-rojos-pero-enfrenta-presion-por-pensiones-y-deudas-municipales-28906498,https://news.google.com/rss/articles/CBMi0wFBVV95cUxOUElSWDhEMmxVcmFzZUhjcUJVekRnYmhVQTdBLTRsNW1qeDRQYjZtTldyYzV5WVdzZV9ya2F0OWdQbDFHaHhiSUJOckZlLTRNcE4wUmhIbHdBUWhBb191ZFNlOFBLRlBaUVhlVUQwRlMxZWFFWFZnTG5rUFF3bFgtQnI3UW9WS3R1T0ZVeUxra0NPV0JwODl2Y0VTSzZZa0dZUWNRRnlwSm9RZDRnaWY4ZlQyNmJyb3AxbHJrVDdRSkh1OEo1MVYxaHdKVld0RkZZRXVv?oc=5,,"Localmiércoles, 11 de marzo de 2026
ISSEMYM opera con finanzas estables, pero pensiones presionan su futuro: Francisco Vázquez
El presidente de la Jucopo señaló que el instituto mantiene capacidad de operación, aunque enfrenta retos por el aumento de jubilaciones y adeudos de algunos municipios
Noe Álvarez Pascual / El Sol de Toluca",GOOGLE_NEWS_RSS
Investigan posible venganza en asesinato de hombre en colonia Centro de Ixtapaluca - El Sol de México,2026-03-11 07:00,2026-03-11T07:00:00+00:00,El Sol de México,,https://oem.com.mx/la-prensa/policiaca/investigan-posible-venganza-en-asesinato-de-hombre-en-colonia-centro-de-ixtapaluca-28905355,https://news.google.com/rss/articles/CBMiygFBVV95cUxPcHhuU2lWU2NjT3lyem95ZEdJdTBkUmdrSkxXR1RJUXdxYWMySDBHdm9uM1Y5eTJZNjZGVGl3TWpjcFFvY28xNkpqYzh2dU1RNzY4bGdMVWYyQk5PbEpiTUNtT1FHSTNYcG9sa3lwY1ZJTDVmR1dWYjZ0eVZpTUk4OHktd0RPQjhKTVdlb1c2LVlfWEZNM2NiWXV1VzFWVTdwb0x5NnB4NG9EblQ0aUlNYU53SERDeGRoTFh3MnVsMnV6RzdsRkExMUx3?oc=5,,"Policiacamiércoles, 11 de marzo de 2026Investigan posible venganza en asesinato de hombre en colonia Centro de IxtapalucaEl hombre fue atacado en la entrada de su domicilio / FacebookXWhatsAppTelegramE-MailCopiar linkArtículo impresoCompartirSíguenos en:Álvaro VelázquezWatch on YouTubeÁlvaro VelázquezÚltimas notas:Investigan muerte de profesor en su domicilio de San Miguel Totocuitlapilco, MetepecCae en Chalco presunto extorsionador de comerciantes que opera en TláhuacCondenan a 47 años de prisión a mujer por extorsión en ChimalhuacánIxtapalucaFGJEMHomicidioNOTAS RELACIONADASPOLICIACADenuncia ciudadana permite arresto de presuntos narcomenudistas de XochimilcoPOLICIACARiña campal en San Bernabé Ocotepec deja dos heridos y dos detenidosPOLICIACADetienen a dos en La Paz con 196 dosis de posible drogaMás NoticiasPOLICIACACateo revela fosa clandestina en negocio de comida en la GAMPresuntamente los responsables vendían comida en en donde lo sepultaronPOLICIACALesionan a hombre con arma blanca durante riña en colonia CentroElementos de la SSC y ERUM atendieron y trasladaron al lesionado al hospital para su cuidado médicoPOLICIACAInvestigan muerte de profesor en su domicilio de San Miguel Totocuitlapilco, MetepecEl profesor de preparatoria, de 62 años, fue hallado en su domicilio con una herida grave y signos de varios días de descomposiciónPOLICIACADetienen a presunto ladrón tras violento robo en Oxxo de TacubaUn sujeto robó con violencia en un Oxxo de Tacuba, pero fue detenido metros adelante con el dinero aún en su poderPOLICIACAHombre muere atropellado en avenida 602, GAM; presunto responsable huyóDe acuerdo con comerciantes de la zona, la víctima era conocida porque ayudaba a los puestos haciendo mandados y trabajos ocasionalesPOLICIACACae en Chalco presunto extorsionador de comerciantes que opera en TláhuacEl sujeto podría pertenecer a una célula delictiva dedicada a la posible venta de droga y cobro de piso procedente de la Ciudad de MéxicoPOLICIACACondenan a 47 años de prisión a mujer por extorsión en ChimalhuacánLa mujer fue detenida mientras pretendía cobrar la cuota, producto de la extorsiónPOLICIACAPaletero se defiende de asaltante y termina detenido en TultepecLos vecinos respaldan al paletero, quien fue detenido; piden justicia y reconocen su legítima defensa tras el intento de asalto en su negocioPOLICIACAMecánico muere aplastado por Metrobús mientras le daba mantenimientoEl lamentablemente hecho ocurrió en un patio de encierro de la Línea 1, en la zona de Ciudad Universitaria, alcaldía CoyoacánPOLICIACAConductor mata a ciclista en Periférico Sur y se da a la fuga; policías ya buscan al responsableLa escena quedó resguardada por elementos policiacosLO+VISTO1POLICIACADan más de 28 años de cárcel a sujeto por obligar a menor a prostituirse en Tlalnepantla2POLICIACAPaletero se defiende de asaltante y termina detenido en Tultepec3METROPOLICrecimiento de zonas de la megalópolis pone en riesgo a animales y plantas: UNAMCOLUMNASRed CompartidaRed Compartida / ¿El yate de Zenyazen Escobar?Joel SaucedoSin Protocolo / ¿Gobernará la oposición en 2030?Rubén PérezValle de México / Nicolas Romero, danza millonariaVicente Gutiérrez CamposecoOpinión por Vicente Gutiérrez Camposeco / Capitalinos exigen derecho a libre tránsito en CDMXLO+RECIENTEPOLICIACARepartidor de gas muere arrollado por su propio camión en la GAMPOLICIACATragedia en la GAM: Locomotora embiste y mata a peatón en la colonia Jorge NegretePOLICIACAEdomex: Aprehenden a “El Yazbeth”, objetivo prioritario por extorsión y despojo en La PazPOLICIACADetienen a 38 personas durante la final de Pumas vs Cruz AzulNewsletter¿Te quedas fuera de la conversación? Mandamos a tu correo el mejor resumen informativo.Suscríbete GratisCARTONESCARTONESPatricio PatricioCARTONESInimaginable Osvaldo
POLICIACACateo revela fosa clandestina en negocio de comida en la GAMPresuntamente los responsables vendían comida en en donde lo sepultaron
POLICIACALesionan a hombre con arma blanca durante riña en colonia CentroElementos de la SSC y ERUM atendieron y trasladaron al lesionado al hospital para su cuidado médico
POLICIACAInvestigan muerte de profesor en su domicilio de San Miguel Totocuitlapilco, MetepecEl profesor de preparatoria, de 62 años, fue hallado en su domicilio con una herida grave y signos de varios días de descomposición
POLICIACADetienen a presunto ladrón tras violento robo en Oxxo de TacubaUn sujeto robó con violencia en un Oxxo de Tacuba, pero fue detenido metros adelante con el dinero aún en su poder
POLICIACAHombre muere atropellado en avenida 602, GAM; presunto responsable huyóDe acuerdo con comerciantes de la zona, la víctima era conocida porque ayudaba a los puestos haciendo mandados y trabajos ocasionales
POLICIACACae en Chalco presunto extorsionador de comerciantes que opera en TláhuacEl sujeto podría pertenecer a una célula delictiva dedicada a la posible venta de droga y cobro de piso procedente de la Ciudad de México
POLICIACACondenan a 47 años de prisión a mujer por extorsión en ChimalhuacánLa mujer fue detenida mientras pretendía cobrar la cuota, producto de la extorsión
POLICIACAPaletero se defiende de asaltante y termina detenido en TultepecLos vecinos respaldan al paletero, quien fue detenido; piden justicia y reconocen su legítima defensa tras el intento de asalto en su negocio
POLICIACAMecánico muere aplastado por Metrobús mientras le daba mantenimientoEl lamentablemente hecho ocurrió en un patio de encierro de la Línea 1, en la zona de Ciudad Universitaria, alcaldía Coyoacán
POLICIACAConductor mata a ciclista en Periférico Sur y se da a la fuga; policías ya buscan al responsableLa escena quedó resguardada por elementos policiacos",GOOGLE_NEWS_RSS
Luto en la literatura mexicana con la partida del Pávido Návido: fallece el poeta Luis Téllez Tejeda - El Sol de México,2026-03-11 07:00,2026-03-11T07:00:00+00:00,El Sol de México,,https://oem.com.mx/elsoldemexico/cultura/luto-en-la-literatura-mexicana-con-la-partida-del-pavido-navido-fallece-el-poeta-luis-tellez-tejeda-28915673,https://news.google.com/rss/articles/CBMi4wFBVV95cUxOYU03VkFnd1RUMTZHTGE5Wks2ZlNISUFEYWJHZC1MRHF4NGREaGZuYXFKbmp0d0xyOGtvZG12WjdWcE9GMjNwdklUZWNNa3ZrTm5UZ0JXX2hjaWpXS19MODZXaFo1bnkzWkF5MExHNmhvMERtUENxaGpDQ1hNTkFOcDB6aGtYN1FpTnZjME81a1Nvclg4MDlqRWRmVFVXWF9OcjgxUlRobEhFUGF5cVFpLWlfbkVEd3R5YkNJV0s1bWVDV3dZZkgyZC04NU5KdTU5VjllOXg5QkdwSnB0MFJKNXdCNA?oc=5,,"Culturamiércoles, 11 de marzo de 2026
Luto en la literatura mexicana con la partida del Pávido Návido: fallece el poeta Luis Téllez Tejeda
Dependencias de la UNAM confirmaron el deceso del también investigador, cuya trayectoria va desde la poesía hasta el guionismo en televisión",GOOGLE_NEWS_RSS
Hallan a pareja desaparecida dentro de una cisterna en su propio negocio en la GAM - El Sol de México,2026-03-11 07:00,2026-03-11T07:00:00+00:00,El Sol de México,,https://oem.com.mx/la-prensa/policiaca/hallan-a-pareja-desaparecida-dentro-de-una-cisterna-en-su-propio-negocio-en-la-gam-28908750,https://news.google.com/rss/articles/CBMiygFBVV95cUxNUEVFWkZrVEwzVHBreWM1Y3J2TlNHd3M1TC1qNFFwb3h1Z0VNTjcyTXlFOHB4TFFkYXlkMmdxdjNrQUlKTDhEM2dYY1BRSTNfLTJCN01oOEV0Nnpvb0l1LXJEUGQ0WUdYZXV4Rllra0poSGRLSUJ6UGhCZ3pLdU1NWEk5VEJCQktBd051T05CYzRvMlMzZEJTUEhYX0ZxVVFJSW5yQWhSWHlpcExESS1vZXdpeFpHQkQtSnVfSDQ4WkZtU3JhUXp2OFB3?oc=5,,"Policiacamiércoles, 11 de marzo de 2026
Hallan a pareja desaparecida dentro de una cisterna en su propio negocio en la GAM
La Fiscalía abrió una carpeta de investigación y continúa con las pesquisas para reconstruir qué ocurrió con Lilia y Alejandro
La Fiscalía abrió una carpeta de investigación y continúa con las pesquisas para reconstruir qué ocurrió con Lilia y Alejandro",GOOGLE_NEWS_RSS
Hombre muere atropellado en Metepec; conductor se fuga - El Sol de México,2026-03-10 07:00,2026-03-10T07:00:00+00:00,El Sol de México,,https://oem.com.mx/la-prensa/policiaca/hombre-muere-atropellado-en-metepec-conductor-se-fuga-28890995,https://news.google.com/rss/articles/CBMiowFBVV95cUxQbFNObUJHVjBPZ3JMdjBvNXBNN3huMG4wQWdXZ05QX254LWllSGVQaE5GNDFZZkc0UThfZHgxeDdnejZSMTNzWjdDbkR1Uy1EYW1XbzhRQ2RWVHdYU0ZIT1FBNGtDYTVJR2tpMmdpNUVyeEZLSmllX0I2cFl2dXZjWWZkRjVmQVhKdHR5al9DMWhJS3U4RmdaY1BnSUloYkRiTVhn?oc=5,,"Policiacamartes, 10 de marzo de 2026
Hombre muere atropellado en Metepec; conductor se fuga
El conductor responsable huyó del lugar, y las autoridades iniciaron una investigación por homicidio.
El conductor responsable huyó del lugar, y las autoridades iniciaron una investigación por homicidio.",GOOGLE_NEWS_RSS
“Que la empresa se haga responsable”: dan último adiós a víctima del camión sin frenos en Naucalpan - El Sol de México,2026-03-10 07:00,2026-03-10T07:00:00+00:00,El Sol de México,,https://oem.com.mx/la-prensa/metropoli/que-la-empresa-se-haga-responsable-dan-ultimo-adios-a-victima-del-camion-sin-frenos-en-naucalpan-28892750,https://news.google.com/rss/articles/CBMi3AFBVV95cUxQY0lqQ0MxVlRsZHFDM2VVeUh3TXFSeHBBQzluWnliSS1TMlFQVzM2MW1Dck1VYWdaRTVLODdIaDlnUXowUl8zUTA4TXdId21OaG95dkxuUmJxNUFkN3d1R05vRkF2aFFfNThuV1RFTmpmTG5fX09oY3NXb19ZdGpaNV93a2xTQWxxZVhiOFU1cHdYZkZlTjN6OU9PNjlUSmlnaVJ6MXFYa3lMMC1OcHFHZFdJVWZmRkZ5cWxJUXNXWnpZWk5HcFM3Q2hQQXZjeGRYZHRBdXJrdE9GenFw?oc=5,,"Metropolimartes, 10 de marzo de 2026
“Que la empresa se haga responsable”: dan último adiós a víctima del camión sin frenos en Naucalpan
Vecinos de San Mateo Nopala y familiares de María del Refugio la acompañaron hasta su última morada; exigen una investigación imparcial y que la empresa se haga responsable
Bere Luna",GOOGLE_NEWS_RSS
Colapsa Chamapa Lechería y avenidas circundantes por balacera - El Sol de México,2026-03-10 07:00,2026-03-10T07:00:00+00:00,El Sol de México,,https://oem.com.mx/la-prensa/metropoli/colapsa-chamapa-lecheria-y-avenidas-circundantes-por-balacera-28886493,https://news.google.com/rss/articles/CBMirgFBVV95cUxQU1Y1cFJ2Z1AzdjB1MGVfMUljMU54d3lmOXFkcm04c3kwSVFfRTVKYk5NY2FlNUExZDhYWkRmMWpYYXp1WWdfcXlPVDJxOGpmNXVaeFBnRDdKYzJvZG1ERzUzT04yMUhwOTNPaElMZ0xFRU5GU0IxY25OSWFwb2cyZHVUQXRkNS1hNnF6bXRGeFFneGVYckJia1FVVW1MTk1xTzlHNlp2bHlrUW5EdGc?oc=5,,"Metropolimartes, 10 de marzo de 2026
Colapsa Chamapa Lechería y avenidas circundantes por balacera
De acuerdo con los primeros informes, una unidad de carga fue interceptada por sujetos armados que le intentaron cerrar el paso.
De acuerdo con los primeros informes, una unidad de carga fue interceptada por sujetos armados que le intentaron cerrar el paso.",GOOGLE_NEWS_RSS
"Activan Fase I de contingencia ambiental en el Valle de México, ¿qué autos no circulan el 11 de marzo? - El Sol de México",2026-03-10 07:00,2026-03-10T07:00:00+00:00,El Sol de México,,https://oem.com.mx/elsoldemexico/metropoli/activan-fase-i-de-contingencia-ambiental-en-el-valle-de-mexico-que-autos-no-circulan-el-11-de-marzo-28890533,https://news.google.com/rss/articles/CBMi5gFBVV95cUxPZkxjNU1IUTNDdXhuQmhkVjl6NlY4clN3MmRvMU5HVGthU28wcGUtdm9UZnphdHVjSUJJOVdzYVlOOWp5NVkwa3o5cmgtMHY4dGk0eklUREhaZGxQbkc1RllKUHFlTUZBeXlyeVV1SEMwYkdUcGpPckZuR3dzM3pVbHNjYkFvZDVBNmZFUGkzbXIxV2tOOTBlQTRDVGp1X1ZIV01kUHBWd25RVDV3b1ZkWDJ2Y2pibjBqMXlsX3B2UlprVEljeHBIVWkwd0VhX3Y4dV9fYnFTT2RJRjdwbDNHWDRDTXhwZw?oc=5,,"Suspenden contingencia ambiental en el Valle de México
La Comisión Ambiental de la Megalópolis suspendió la contingencia ambiental atmosférica por ozono y sus medidas a partir de las 19:00 horas del 11 de marzo
Alma Hidalgo y Gloria López / El Sol de México
Últimas notas:",GOOGLE_NEWS_RSS
Poder Judicial analiza adoptar modelo anticorrupción MOGERIC - El Sol de México,2026-03-10 07:00,2026-03-10T07:00:00+00:00,El Sol de México,,https://oem.com.mx/elsoldetoluca/local/poder-judicial-analiza-adoptar-modelo-anticorrupcion-mogeric-28869294,https://news.google.com/rss/articles/CBMirAFBVV95cUxOUlh0bTFTZlNESG83cXJjS3RZdUd5Z19KQmRvOTdKYkpPNy15ZzlFdmxIQU9HaENmbEdYeVdLaWhETWxmLW43NGg4NTVPZzBLOFdnU3dLMFdQdDlxYVNVWmZfRWRHU1hmekZMZHM2cHQzYXViY0lzTDN6UUlCcDdsaHRSUUUxN3dxdU00aVVnNkJGOGVPNW04ZjM4aFVFSmU0cndMbnVaM2ZJM3cw?oc=5,,"Localmartes, 10 de marzo de 2026
Poder Judicial analiza adoptar modelo anticorrupción MOGERIC
El Poder Judicial del Estado de México evalúa implementar el modelo MOGERIC 3.0 para identificar y prevenir riesgos de corrupción en sus procesos internos; la herramienta ya se aplica en organismos públicos y varios municipios de la entidad
Noe Álvarez Pascual / El Sol de Toluca",GOOGLE_NEWS_RSS
Asesinan a operador de tráiler en presunto intento de robo en la autopista Chamapa–Lechería - El Sol de México,2026-03-10 07:00,2026-03-10T07:00:00+00:00,El Sol de México,,https://oem.com.mx/elsoldetoluca/local/asesinan-a-operador-de-trailer-en-presunto-intento-de-robo-en-la-autopista-chamapa-lecheria-28883135,https://news.google.com/rss/articles/CBMi1gFBVV95cUxOR3hHRWgxZEJYZDdPT0JxOFBsWFJsTWxKcFRPVUt4d3dfMkxKOVM1MGNwSjQ1eXJZYXJISHBheUlVcmRoSktpLXBrdXc0a3dXN3pSUWoxb1RqckNqeWZSSlU1eHhPaEFObmhOdGpPR2xUY291QmRsU3BnUHk1Tm82LW1namtiaHVpand2TnNqS1IxSnppbFZwaWoxM0VlTTQ3c2lHT3FrbmRqVnZ1MzdabGRQdGpxcTBDMzlRblBLQnJWZ1BLRVdZcU0xYWFzTUdIZ3J1VkJ3?oc=5,,"Localmartes, 10 de marzo de 2026
Asesinan a operador de tráiler en presunto intento de robo en la autopista Chamapa–Lechería
El ataque ocurrió a la altura del kilómetro 20, en el tramo de Naucalpan, donde el operador perdió la vida tras recibir un disparo, autoridades federales y estatales acudieron al lugar para resguardar la zona e iniciar las investigaciones correspondientes.",GOOGLE_NEWS_RSS
Mujer muere atropellada en la México-Toluca - El Sol de México,2026-03-10 07:00,2026-03-10T07:00:00+00:00,El Sol de México,,https://oem.com.mx/elsoldetoluca/local/mujer-muere-atropellada-en-la-mexico-toluca-28884372,https://news.google.com/rss/articles/CBMilgFBVV95cUxOQ2hCZjFhaXoxUkJYTlJwSGZHcjZHQzM0MUxtSHJlUHFwX0wwNXBPblJ1Z0dCMWFVSVF1M08td0FORkF0R0VNcVVxOXd0SnNhY3JmNTJpeXNFODBQZlNCTmVIczlzWC1kaHVnenhUOUNZRkRlc2p5aXBWdWxFNTRBSWVCNGt0QzdhYWdPTmNfOTJDVllWekE?oc=5,,"Localmartes, 10 de marzo de 2026
Mujer muere atropellada en la México-Toluca
La Fiscalía del Estado de México inició una investigación para ubicar al conductor responsable, quien se dio a la fuga
La Fiscalía del Estado de México inició una investigación para ubicar al conductor responsable, quien se dio a la fuga",GOOGLE_NEWS_RSS
Edomex amplía campaña “Nos Movemos Seguras” en aeropuertos antes del Mundial 2026 - El Sol de México,2026-03-09 07:00,2026-03-09T07:00:00+00:00,El Sol de México,,https://oem.com.mx/la-prensa/metropoli/edomex-amplia-campana-nos-movemos-seguras-en-aeropuertos-antes-del-mundial-2026-28870603,https://news.google.com/rss/articles/CBMixgFBVV95cUxPY0pmcERMM3pfYTV3R0gtVk82VkZSa2RDLXlHY0d6MkpJTGdIcnFKb0gtcUxGSzNWRmU4SzBRUktpclcwb1R6VmJTaHAycXE1UzBkRlNiTmdyaFg3OXFZaDFfYUsyNExnTjdTLVdXMzR3dTQtVkhJRTB4R2ZpdVIzUTZTaC1wWEJPaTNtMUNDT3BtWjl1U2xIUlpjSkZoQ3JQbEtGZ2hXNkF6VDZyWDA2bV9FS0FiazQxY1FGZ2MydjBCVGdCNlE?oc=5,,"Metropolilunes, 9 de marzo de 2026
Edomex amplía campaña “Nos Movemos Seguras” en aeropuertos antes del Mundial 2026
El Estado de México fortalece la estrategia “Nos Movemos Seguras” para prevenir el acoso sexual en transporte y aeropuertos, con campañas, protocolos y capacitación hacia el Mundial 2026",GOOGLE_NEWS_RSS
"Camión de basura se queda sin frenos y atropella a mujer en San Mateo Nopala, Naucalpan - El Sol de México",2026-03-09 07:00,2026-03-09T07:00:00+00:00,El Sol de México,,https://oem.com.mx/la-prensa/policiaca/camion-de-basura-se-queda-sin-frenos-y-atropella-a-mujer-en-san-mateo-nopala-naucalpan-28872622,https://news.google.com/rss/articles/CBMizwFBVV95cUxOaGxXbi1wRmxnbXFqZXNHcjFaY3BxdHdmQkNfR2NlSWQ0V1RJN2JBa3g0V29EX3hSNFliU1R6RW1BU3JzOFo1bG9kXzd6aHFMYnNWMmw2Sld6NWZwQmhOVEJ4aDlMdjB6R1h3VVU1bHBGdGxKeGgtZmY1Nl9KRXBkR1lEZllLTlZGRnpUdV9UaE15R1VEWXF6c29iS0ZVYW1MY1lmaDJtSUVYbXh0eGdKdTRTd1VPSHpCcGM3WUNkaWhvcmVwZHlHTXk2OWNudVk?oc=5,,"Policiacalunes, 9 de marzo de 2026
Camión de basura se queda sin frenos y atropella a mujer en San Mateo Nopala, Naucalpan
La mujer de 58 años falleció en el sitio; mientras que el conductor de la unidad se encuentra hospitalizado en calidad de detenido
Rodrigo Alarcon",GOOGLE_NEWS_RSS
Reconstrucción del Periférico Norte avanza 68 por ciento en Estado de México - La Prensa - El Sol de México,2026-03-09 07:00,2026-03-09T07:00:00+00:00,El Sol de México,,https://oem.com.mx/la-prensa/metropoli/reconstruccion-del-periferico-norte-avanza-68-por-ciento-en-estado-de-mexico-28870617,https://news.google.com/rss/articles/CBMiwgFBVV95cUxPNGU2ZzgzX1U5bG5sSUpwbkg0cnNFRC1uYlRsN044MExpNThQQ3g0Y05SMlJuRFNsX1UydlA4dnE1TXRJNkJaY3k5QjRnVmdsT2Q3T0VuUTM1NzBCaUFrN09jWm01bXY2TDNyUDZsMzNMcEZsRHZGTEIxSG9Oa0lHalBrQ3c0Z3ZTQTZOaks3bGVYWU80cUVCajk0cDgyV2l1NUVqNkc3dEpJTG9KQm03ZUFuWkU4T0ZDUGpfQ2szOTNzdw?oc=5,,"Periférico Norte: una obra histórica que transformará la movilidad del Valle
Hasta el momento, se han logrado rehabilitar 77 de los 108 kilómetros de ida y vuelta desde Naucalpan a Tepotzotlán
Rubén Pérez
Hasta el momento, se han logrado rehabilitar 77 de los 108 kilómetros de ida y vuelta desde Naucalpan a Tepotzotlán
Rubén Pérez",GOOGLE_NEWS_RSS
Camión se queda sin frenos y choca en Naucalpan - El Sol de Toluca - El Sol de México,2026-03-09 07:00,2026-03-09T07:00:00+00:00,El Sol de México,,https://oem.com.mx/elsoldetoluca/local/camion-se-queda-sin-frenos-y-choca-en-naucalpan-28867646,https://news.google.com/rss/articles/CBMimwFBVV95cUxNUlFxdlRfWC01TnU2S053WDl0VHRycHRMbHdhdVFIRUpKTERhNk40akVuR3hKRHo2bVlDS01DVlJwUmVCTUk4Q2d4VEZ0ZmxfMDFzclY1OF9RdV9NQ0s5elpRaFBwSW5UUGlTdXlWX2dMY0hvSmJNMVY0UXpBMDdkYlN4T1d1aWgxc2NXY1RhMHF0aFI4NDFiQU1WUQ?oc=5,,"Locallunes, 9 de marzo de 2026
Volcadura de camión en Naucalpan deja una persona muerta y un lesionado
Vecinos aseguran que accidentes como estos son cada vez más recurrentes por la velocidad con la que viajan algunos vehículos en la zona que es muy empinada",GOOGLE_NEWS_RSS
Motociclista muere tras choque por alcance con un autobús en Avenida San Jerónimo - La Prensa - El Sol de México,2026-03-09 07:00,2026-03-09T07:00:00+00:00,El Sol de México,,https://oem.com.mx/la-prensa/policiaca/motociclista-muere-tras-choque-por-alcance-con-un-autobus-en-avenida-san-jeronimo-28877271,https://news.google.com/rss/articles/CBMiyAFBVV95cUxNRmY4TUtvelFRamZ0R0dWTDlKTTZVUXVRc2dKTjd5Y2VNTXIzRlhRZTNLblRjTWRWYm1rRExicUpYWldXVTc0Zk8xcnpNQUtjV0Z2MWp0cEVLRnpYVE1hYWFPeTRRdjE1T3VvVm1qVGVRME4tVkVVY19GaVZrOVhhb2UtQlRqZnZqTnFkTUl4MXpjVXZuLUQzWmwxZ0hSNU4zdktucC1qam53dG9rNk8wNVpfdWpWLThPci1LQWlsTjZoc2RsU2pPaQ?oc=5,,"Policiacalunes, 9 de marzo de 2026
Tragedia en San Jerónimo: Muere motociclista impactado detrás de unidad de pasajeros
Los agentes de la SSC deducen que este biker circulaba a exceso de velocidad
Rodrigo Alarcon
Los agentes de la SSC deducen que este biker circulaba a exceso de velocidad
Rodrigo Alarcon",GOOGLE_NEWS_RSS
Atizapán de Zaragoza: Crecimiento urbano pone en riesgo la Presa Madín y aumenta inundaciones - La Prensa - El Sol de México,2026-03-09 07:00,2026-03-09T07:00:00+00:00,El Sol de México,,https://oem.com.mx/la-prensa/metropoli/atizapan-de-zaragoza-crecimiento-urbano-pone-en-riesgo-la-presa-madin-y-aumenta-inundaciones-28869373.,https://news.google.com/rss/articles/CBMi2AFBVV95cUxOaHdCd21ISlhYSkUtNG9SaWxXN2xvbzZ1b0w1MTdGalgxYWN1VHp1Y0xzNkU2MHJIbUhhTHRxRVRoU0hQSnVxakpieGwtQVhWeS0zdm5jMUJaMGFnenlES0ZsVE5jVFdaUl91RnRkSzlGc3N3Vy1heVlYclhXdnJFTmNjbUVHVG10a19WQlNkbXdIYWlIYWtPUHBod2RFSTlrZzBZdjU2bVVybmpDSnJkOWprY25BeW12UVRLXy1zTkRLWW5wcmhaMmxTU3R5dUpmcllRRFBzc3o?oc=5,,"Atizapán de Zaragoza: Crecimiento urbano pone en riesgo la Presa Madín y aumenta inundaciones
La construcción de complejos habitacionales autorizados, además de asentamientos humanos irregulares, ha provocado la invasión de áreas verdes
Álvaro Velázquez",GOOGLE_NEWS_RSS
Hallan a tres integrantes de una familia asesinados a balazos dentro de su casa en Naucalpan - La Prensa - El Sol de México,2026-03-08 08:00,2026-03-08T08:00:00+00:00,El Sol de México,,https://oem.com.mx/la-prensa/policiaca/hallan-a-tres-integrantes-de-una-familia-asesinados-a-balazos-dentro-de-su-casa-en-naucalpan-28854429,https://news.google.com/rss/articles/CBMi1wFBVV95cUxPR25NTHNkZjFiOWFrRS1TaFdmMXFuSUhoa2JaYkNsSk9CLXpqVkdaXzU4ZEFjZ0habzM0cWZoUVMtSFVBcXpqSjl6bDEyUGQxQndIeXp5ZXFfOTRfTGg0djY5ZkRVRDRDaXloMWZ5X0prV1lkUnVmNTREY1pFeVVRN3BTNm01OXllVE5ZaUp3SHFCbndkazRvT1lzQ010YzJLVEF3QkJLQU4zUFBEQk1TeGtYRGxSVG1WOVBIejY3cUFnNmM5WXdNZW41S3FoUGxUaFpxZkgxMA?oc=5,,"Matan a abuela, hijo y nuera dentro de su vivienda en Naucalpan
El triple homicidio en Naucalpan apunta a una posible venganza familiar, mientras autoridades descartan robo y continúan con las investigaciones
Álvaro Velázquez
El triple homicidio en Naucalpan apunta a una posible venganza familiar, mientras autoridades descartan robo y continúan con las investigaciones
Álvaro Velázquez",GOOGLE_NEWS_RSS
Voces del 8M resuenan en el Edomex con acompañamiento de CODHEM - El Sol de México,2026-03-08 08:00,2026-03-08T08:00:00+00:00,El Sol de México,,https://oem.com.mx/elsoldetoluca/local/voces-del-8m-resuenan-en-el-edomex-con-acompanamiento-de-codhem-28856711,https://news.google.com/rss/articles/CBMisAFBVV95cUxPdWYtX2pRa2pEZGFHMnpZeXdnNXphRXo2anpLRVc3eUtEaThMaXczLXlZbkpJcjZhMVNHcklHR2NHTG5PTnhhamhEd2NPNl9jREhjXzFFc1NNZDJIWm9CYnBEcE05UWZhcDZzeVNIVXN2RzRxQ2prTGJCVDZBeE1VMHduWm5OVF91Z0xwRThQcG90WFFBcGNwZUgxNE4xcE9peTFOZ2lRVkpsVGtiRlFEbQ?oc=5,,"Localdomingo, 8 de marzo de 2026
Voces del 8M resuenan en el Edomex con acompañamiento de CODHEM
Más de 9 mil mujeres participaron en movilizaciones por el Día Internacional de la Mujer; el organismo de derechos humanos verificó la actuación de corporaciones de seguridad y brindó asesorías a manifestantes",GOOGLE_NEWS_RSS
Ataque armado en Huixquilucan deja dos muertos y un herido - La Prensa - El Sol de México,2026-03-08 08:00,2026-03-08T08:00:00+00:00,El Sol de México,,https://oem.com.mx/la-prensa/policiaca/ataque-armado-en-huixquilucan-deja-dos-muertos-y-un-herido-28856505,https://news.google.com/rss/articles/CBMiqgFBVV95cUxPM1ZuQXV0RHVMdzFPRGE3UmtVb3FLaXpiNHRPc1ROZVlQR2J5Z1lWcHpUYlVrMURpYkY0anNDMzFXNTcyTldxcXlsQkVQWW9iR0R1TGloenpqLW8zMmVBRXZiMWtXaW12UGxwSTZFaEE0bEZYTldqajZ2cXo4NkdDaXhLRDFiam1DNzhsTVB5bGl4WHJYTHNYMW9lSkFNZTMtX3RicUdxWEhUdw?oc=5,,"Huixquilucan: ráfaga de disparos cobra vidas en Palo Solo
El ataque en Huixquilucan evidenció la vulnerabilidad de transeúntes, pues un hombre murió alcanzado por balas perdidas durante la agresión
Álvaro Velázquez
El ataque en Huixquilucan evidenció la vulnerabilidad de transeúntes, pues un hombre murió alcanzado por balas perdidas durante la agresión
Álvaro Velázquez",GOOGLE_NEWS_RSS
Trágico accidente en carriles centrales de la México-Puebla deja un motociclista fallecido - El Sol de México,2026-03-07 08:00,2026-03-07T08:00:00+00:00,El Sol de México,,https://oem.com.mx/la-prensa/policiaca/tragico-accidente-en-carriles-centrales-de-la-mexico-puebla-deja-un-motociclista-fallecido-28827770,https://news.google.com/rss/articles/CBMi1AFBVV95cUxNYVlaRkZGd09KY18yXzNiUTY4Tm5ERDZmcUd6eGYwa2lET3Nwb21sZ3lZd3htcVdELVdBSHN0MEwyZjYtdW1zTGVWNnRaMGdQOVEzZ1JLZDAzR1RqbTRra2pnOTlRdDdWNFB4aXlaak4zQ2NEUElhNDNHVG9FTG5uQk5zd0gyczhfSmVOTVlBZWc0SDRFdXlBVnlZdUtMdWwzOE1Id01uWXk1c1dFY2ROeVpyVlQ1T1o1RGZfUFAyeHloUWRORWpYVkZZMFhBeWMyQ0JPSw?oc=5,,"Policiacasábado, 7 de marzo de 2026
Trágico accidente en carriles centrales de la México-Puebla deja un motociclista fallecido
Un motociclista de aproximadamente 30 años murió tras una caída en los carriles centrales de la autopista México-Puebla, en Valle de Chalco. La Guardia Nacional y CAPUFE atendieron el accidente para evitar mayores incidentes.",GOOGLE_NEWS_RSS
Desaparición de mujeres: el reto que persiste en el Estado de México - El Sol de México,2026-03-07 08:00,2026-03-07T08:00:00+00:00,El Sol de México,,https://oem.com.mx/elsoldetoluca/local/desaparicion-de-mujeres-el-reto-que-persiste-en-el-estado-de-mexico-28800200,https://news.google.com/rss/articles/CBMitgFBVV95cUxQVV90MXJjNThkVGJtSEhURUxmTGxUT0s3aXVBb3phNkkyQ2w4d0ZHT2c2WERoUWdROVFTbDQwM1R5ck1xeUJlNjFUeEJGWXpnZ0lETHN2bVZfbDZrTXgxN0VaNnNvTkFpTGw5em9CNzZlZ21ZeXJBYWtqWlM2RkR1a2pGa0tIU0RCME1fQXhHNU9hQVpOWHdZZF9FMlBMMkk4S3ljVEdYSVJkb1FFVnlRQkdsNDU5dw?oc=5,,"Localsábado, 7 de marzo de 2026
Desaparición de mujeres: el reto que persiste en el Estado de México
A pesar de la implementación de dos Alertas de Violencia de Género en la última década, el Estado de México continúa concentrando el mayor número de personas desaparecidas en el país. Miles de casos corresponden a mujeres, principalmente adolescentes y jóvenes.
Michelle Sánchez",GOOGLE_NEWS_RSS
Incendios en casa: el riesgo que acecha en cocinas y dormitorios - El Sol de México,2026-03-07 08:00,2026-03-07T08:00:00+00:00,El Sol de México,,https://oem.com.mx/elsoldetoluca/local/incendios-en-casa-el-riesgo-que-acecha-en-cocinas-y-dormitorios-28829191,https://news.google.com/rss/articles/CBMisAFBVV95cUxON2pSTlk2X0YyWmFNU09QVUp6U18tZnI0Tl9SWVpwaVdqRS1rS3FuQ0J6RXZsNzZaSWJoakNNbjU5X2VYWEpDTFVOa3VGM0Fadnl5cUFNQUdCV3E0cExPdFExUTRVc3VScG1uVjhQRm5XNW9CUzNVV1c1MmJ2Tk4ycmhuczZFWTROYVJpS2tlbVRsQUsxcUduX2hoUzROcmtyT1BDaVoxZ2pIdjRSVWlxUA?oc=5,,"Localsábado, 7 de marzo de 2026
Incendios en casa: el riesgo que acecha en cocinas y dormitorios
Entre el 60 y 75 por ciento de los incendios ocurren en viviendas, principalmente por fallas eléctricas, fugas de gas o errores humanos
Fernando Solís
Entre el 60 y 75 por ciento de los incendios ocurren en viviendas, principalmente por fallas eléctricas, fugas de gas o errores humanos
Fernando Solís",GOOGLE_NEWS_RSS
Feminicidios bajan en el Estado de México durante enero de 2026 - El Sol de México,2026-03-07 08:00,2026-03-07T08:00:00+00:00,El Sol de México,,https://oem.com.mx/elsoldetoluca/local/feminicidios-bajan-en-el-estado-de-mexico-durante-enero-de-2026-28764891,https://news.google.com/rss/articles/CBMisAFBVV95cUxQT0llZEhwT3E5WGNKVFZRMl9yNFJ0M2hQbGxCQzdyeVY2YjZzQ1dPelZ2ZzVrRDQ1cEFKTE44aV9BRjBYeVkyTWxiVUpSVDBJcFBURi11dkV0SGNWOEhScjhZM0dEb0pJb0xtbUNTdjZzUXY5d3M1SnNrU3QtV25hVEMzalVlcDVqdEt1U25ocWh3cUsyUDlFbnpzb1dkVWd5aUVYajc4QXprUmg2S3FXcA?oc=5,,"Localsábado, 7 de marzo de 2026
Feminicidios bajan en el Estado de México durante enero de 2026
Durante el primer mes de 2026 se registraron cuatro casos en la entidad, lo que representa una disminución del 57% respecto a enero de 2025, de acuerdo con cifras del Secretariado Ejecutivo del Sistema Nacional de Seguridad Pública",GOOGLE_NEWS_RSS
Refugios en Edomex: El camino para reconstruir una vida sin violencia - El Sol de México,2026-03-07 08:00,2026-03-07T08:00:00+00:00,El Sol de México,,https://oem.com.mx/elsoldetoluca/local/refugios-en-edomex-el-camino-para-reconstruir-una-vida-sin-violencia-28831377,https://news.google.com/rss/articles/CBMitwFBVV95cUxQbmI5anZuWHRTNkFrMUZxOEpzMXJ3Z3hZMm1hRHp3akZ2Y1VqUHgtS3l6OTlYdW10REJ5YkNFU3FUcVBFYndaeUMxX2pfRUhSc1lkWi01a2M0QUl1UURESFUzcWt2a0YzNWNjdEtJRHFjb3BHaTRrbFEwdWl6Q0JzNE5oSmc2OFFRckJjUUR0MEJKR2tQSWl6Zlo1YU1fZE1UZFhXcHJVMHhwaGhSYlI0SGRQQW9iSDA?oc=5,,"Localsábado, 7 de marzo de 2026
Refugios en Edomex: El camino para reconstruir una vida sin violencia
En la entidad operan ocho refugios y dos casas de transición para mujeres víctimas de violencia. La historia de Marlene muestra cómo funcionan estos espacios de protección y acompañamiento
Ximena García",GOOGLE_NEWS_RSS
Centros en Edomex buscan reeducar a hombres para prevenir la violencia - El Sol de México,2026-03-06 08:00,2026-03-06T08:00:00+00:00,El Sol de México,,https://oem.com.mx/elsoldetoluca/local/centros-en-edomex-buscan-reeducar-a-hombres-para-prevenir-la-violencia-28796958,https://news.google.com/rss/articles/CBMiugFBVV95cUxQbTJDZG1sdjhFYmprdzFLN3pHaGtFNkhjTjA0Um9UN3QtV1FJVFNzeGpVRHMzY1MtejJHcHU4ZUhZMGJDbm05cWt0by1IRzVHRE9FZXhiajhfeEZJcmNsOFZYRXZ3ZWRMWmw4MXc2bTIzeFVuUkdNUjFuY3VYNHpwN2ZtWnAwODBGb1R2NjVqdXpDdTJDNDdzSkVubTVwTTA5OXpVV1AtNG9kWVhYN3JjVi1yRkNtVkIzRkE?oc=5,,"Localviernes, 6 de marzo de 2026
Centros en Edomex buscan reeducar a hombres para prevenir la violencia
Los Centros de Desarrollo de Masculinidades Positivas ofrecen atención psicológica gratuita a hombres, mujeres y adolescentes para reflexionar sobre conductas violentas, aprender a manejar la ira y construir relaciones basadas en el respeto y la igualdad.",GOOGLE_NEWS_RSS
"Con fotos en mano, madres buscadoras recorren Atlacomulco - El Sol de México",2026-03-06 08:00,2026-03-06T08:00:00+00:00,El Sol de México,,https://oem.com.mx/elsoldetoluca/local/con-fotos-en-mano-madres-buscadoras-recorren-atlacomulco-28817113,https://news.google.com/rss/articles/CBMipwFBVV95cUxNVF9GSmNSaHpVYXlWWDN4TzN5aEstR2pIdWwwYi1mRnpBcVBTTkNUWEZqOHIzMjEzemRRRWFEVlRFc1RHM3Q0bjE0dVhVd2ZPbFFBYnI3dVFUZTd4Qk9ZVER5bjNuMkl2ZXhneXBYSWN5c1h2ajh3ZHA4c3ZLMFB0Snk0RWt0Q1FzdlptaW43a2ExWTlVV25XeWJBVUdlNGFRRElvclV6SQ?oc=5,,"Localviernes, 6 de marzo de 2026
Con fotos en mano, madres buscadoras recorren Atlacomulco
Colectivos, familiares y autoridades recorrieron calles y espacios públicos para difundir rostros de personas no localizadas; la mayoría de las fichas corresponden a hombres desaparecidos en distintos municipios del Estado de México
Michelle Sánchez",GOOGLE_NEWS_RSS
Ataque a balazos deja dos muertos dentro de taxi en límites de Azcapotzalco y Naucalpan - La Prensa - El Sol de México,2026-03-06 08:00,2026-03-06T08:00:00+00:00,El Sol de México,,https://oem.com.mx/la-prensa/policiaca/ataque-a-balazos-deja-dos-muertos-dentro-de-taxi-en-limites-de-azcapotzalco-y-naucalpan-28809520,https://news.google.com/rss/articles/CBMi0AFBVV95cUxNdkkxay1naTNNTDhUMXpMM1Vld1pKV1plaVo2X2VaRTZpVV9Ydy1uODUxOWJrcWJXejQ3Z1c2YzJoRGxCS3RlM1NEN3hoUFN0NDFYQ3Y0UVhLc1FNdFFPc1dUN2JzcXlOWlBZLVNqU1JCZEJXV2JmQ1lyTmY0eVZqZ2Nxb2E2dXZBQ0cxMGk4Q0p4MlcyX0RZZ1N5N2dyeHQ3ZXkzMFFXdlpoZVFoZHhsTmdXYzFHQW5oMlRBVHNJVmd1Q2ZfSFFCcHlRNkIwZ2Jj?oc=5,,"Investigan a policías de la CDMX por presuntamente mover un taxi con dos hombres asesinados de Azcapotzalco a Naucalpan
Las víctimas fueron atacadas a balazos en calles de la colonia San Miguel Amantla en Azcapotzalco, pero el vehículo fue localizado en la colonia Ahuizotla en Naucalpan",GOOGLE_NEWS_RSS
Sí hay opción: LIBRE ayuda a mujeres mexiquenses a emprender y salir adelante - El Sol de México,2026-03-06 08:00,2026-03-06T08:00:00+00:00,El Sol de México,,https://oem.com.mx/elsoldetoluca/local/si-hay-opcion-libre-ayuda-a-mujeres-mexiquenses-a-emprender-y-salir-adelante-28797286,https://news.google.com/rss/articles/CBMiwgFBVV95cUxPMmZWN0lZalNONnkzWDJBQ1F0Zml2REhoOHRHY1hDcGhNYkI4eGxlbmdSQkc5LXFabVctUnJka0lia2I5V1ZDWUxiZmM5QWdzUWFKSEVhbl9yWEtmeDRFVmVvalh6ZVVuWGZPeHRmc1dYaFl1Rk1nVTMtTEpVMGhMaXpYYmJEMERkMjVUc2FaeXFMeWpabHhQdWxzMk91eHg3NjVGS1JvRUdzRi1VcE5sYlFEY3J4Zk5ldXFUQTd5aWFGdw?oc=5,,"Localviernes, 6 de marzo de 2026
Sí hay opción: LIBRE ayuda a mujeres mexiquenses a emprender y salir adelante
Se trata de una iniciativa del gobierno federal que existe en la entidad desde hace un año. Los talleres y cursos son gratuitos
Paola Montoya / El Sol de Toluca",GOOGLE_NEWS_RSS
Localizan cuerpo al interior de un tambo en Ecatepec - El Sol de México,2026-03-06 08:00,2026-03-06T08:00:00+00:00,El Sol de México,,https://oem.com.mx/elsoldetoluca/policiaca/localizan-cuerpo-al-interior-de-un-tambo-en-ecatepec-28812197,https://news.google.com/rss/articles/CBMipwFBVV95cUxQUjJLYllsQWQzZVJ3T09BV2xKZTVNT2pXMG0wemU1UThkT0tyUlJ2SVIyNUpqNWxOVnJFYjdTajhKdGlDLTlHQjdEX3BrelVTend1b24xbnR0VzZFbFJFbTRiMVRHT2ZRSDMzSVRXY1Ryc01ERXc0Vm5vbk9qYURmV0tCbDlYQ1lXcm1DLWJfdjNGSDVGakFXd2JuNDJnemZET1A2cmNjUQ?oc=5,,"Policiacaviernes, 6 de marzo de 2026
Localizan cuerpo al interior de un tambo en Ecatepec
Autoridades locales fueron alertadas por vecinos de la colonia Hank Gonzalez, quienes encontraron el tambo abandonado en la calle
Autoridades locales fueron alertadas por vecinos de la colonia Hank Gonzalez, quienes encontraron el tambo abandonado en la calle",GOOGLE_NEWS_RSS
Hallan dos hombres asesinados dentro de taxi en los límites de Azcapotzalco y Naucalpan - El Sol de México,2026-03-06 08:00,2026-03-06T08:00:00+00:00,El Sol de México,,https://oem.com.mx/elsoldetoluca/policiaca/hallan-dos-hombres-asesinados-dentro-de-taxi-en-los-limites-de-azcapotzalco-y-naucalpan-28811466,https://news.google.com/rss/articles/CBMi1gFBVV95cUxQdmZxakZvV1gyWnQ1cVdSNjVYM3VsZU5ZX0lhVDBwT1N3cy1MQnlSTGVKYzQ1clF0Q084Mk9OT1BwOGVEWGc1eHIzWkQ4Nk56dTZQbVlDR1lpcDVRTVhFRXR5ZXlRUzduc2NaWjBxSXdCMkpic21YY1Q1cEZjbGtSekdMcWs1YmNFa1FCLTNIel92SGxhVlhYUlpudFpla3I2VmNjMDVXYmZDSHYwM3hNUWtuV3IwV2J3LUFzd05vUWRHTVE3Z0RqUjR4SlRDY2t6elp4UElB?oc=5,,"Policiacaviernes, 6 de marzo de 2026
Hallan dos hombres asesinados dentro de taxi en los límites de Azcapotzalco y Naucalpan
Vecinos reportaron al menos ocho detonaciones; autoridades investigan el origen del ataque
Vecinos reportaron al menos ocho detonaciones; autoridades investigan el origen del ataque",GOOGLE_NEWS_RSS
Fraudes en Facebook Marketplace repuntan en Edomex - El Sol de México,2026-03-05 08:00,2026-03-05T08:00:00+00:00,El Sol de México,,https://oem.com.mx/elsoldetoluca/local/fraudes-en-facebook-marketplace-repuntan-en-edomex-28591824,https://news.google.com/rss/articles/CBMinwFBVV95cUxQbkZiQTdoaFZMdXdweDViU3dTWlRQald0dUx0MExrdnRSOVlqWjhVdE1EVFBIOTRNRmNqSEF1N2VpNUlBaTlHTmVMZG1jSjVrTlZMZ3hOM0dPdHFMWmtpSkFwXzdmNnpVOF9RZl9SQ3Y1RTA0SU1XVG5EWHFENXlBTERlWDNURE5OUGwtdDh3X2gyeEhjckNvcXlaM1JNR00?oc=5,,"Localjueves, 5 de marzo de 2026
Fraudes en Facebook Marketplace repuntan en Edomex
Casi uno de cada 10 reportes cibernéticos en la entidad corresponde a comercio electrónico; autoridades advierten incrementos de hasta 30% en temporadas de mayor actividad comercial
Ximena García",GOOGLE_NEWS_RSS
SSC ha detenido a más de 9 mil personas por delitos de alto impacto en la actual administración - La Prensa - El Sol de México,2026-03-05 08:00,2026-03-05T08:00:00+00:00,El Sol de México,,https://oem.com.mx/la-prensa/metropoli/ssc-ha-detenido-a-mas-de-9-mil-personas-por-delitos-de-alto-impacto-en-la-actual-administracion-28798350,https://news.google.com/rss/articles/CBMi2wFBVV95cUxQVW45S3lCNlBwemtpM0xjVlA4WHRISlBkLW43emNPTEpiTVI4NDlnUXI1TlJQUXpGbmFxTDdlUHMxRWFsMi1zVjZPVmhxRmNEaTcwTk8yTktBOHl4MGV1U05GcS1pOUxYNFZXQWE4c2VFZUF5TGlPaDA5OTU2ZHdfbmU1dXRYSHFfQlVvaFJhVGJpcmY4ZHhkeEFtRjRHbGwtdXNzMGZWUFo1Yk5WekFGNDQzSkE5UF9DeHFoeWtNN2t5dXNLbHk5U2I1bmxVbUFRelp5X3RUYi1BcDQ?oc=5,,"Más de 9 mil detenidos por delitos de alto impacto marcan el inicio de gestión de Brugada
Desde octubre del 2024 la Secretaría de Seguridad Ciudadana ha desarticulado 36 células criminales, deteniendo a 57 objetivos prioritarios y asegurado drogas, armas, vehículos y autopartes en operativos coordinados en la Ciudad de México
Aurelio Sánchez",GOOGLE_NEWS_RSS
Edomex controla el sarampión con estrategia que coloca a la entidad entre las de menor incidencia - El Sol de México,2026-03-04 08:00,2026-03-04T08:00:00+00:00,El Sol de México,,https://oem.com.mx/elsoldetoluca/local/edomex-controla-el-sarampion-con-estrategia-que-coloca-a-la-entidad-entre-las-de-menor-incidencia-28776674,https://news.google.com/rss/articles/CBMi3gFBVV95cUxOalliMWlodDJfekh5aTcxUkgyV3Z0bDh2RGJLUGJvZHh1eHltM1RfSHpma09IczN4dmdIQkdhX0I1amtDbTMxUFlVSzVXZ2w1WDM1NGpFckxWWjJDcEJuNldmTmFxZ0Q0b1llTlB2bDRGMkdzUnBkWFIxZjBEUXlEVm41c1F4TkJfSW5GbUszek5tWEtCN3NaVVE4SDQ3YWd6Z2ZFUnZFNTg4OFltOVIwSXVqSWEtNG9Ra2pVQmxWNnk5QW5ja3BuY1N4SjkyQjRwaEtUSzdXNnFCeElUb1E?oc=5,,"Localmiércoles, 4 de marzo de 2026
Edomex controla el sarampión con estrategia que coloca a la entidad entre las de menor incidencia
La titular de la Secretaría de Salud estatal, Macarena Montoya, informó que la entidad registra 150 casos confirmados, una tasa menor a la media nacional.",GOOGLE_NEWS_RSS
"Lesiones dolosas a mujeres suben 95% en Edomex, primer lugar nacional - El Sol de México",2026-03-03 08:00,2026-03-03T08:00:00+00:00,El Sol de México,,https://oem.com.mx/la-prensa/metropoli/lesiones-dolosas-a-mujeres-suben-95-en-edomex-primer-lugar-nacional-28760166,https://news.google.com/rss/articles/CBMitgFBVV95cUxPUm1iZVhyVUhTN3RMbDJiT3RtbUItMTNjOTlqckJjVV9jdlhCZ3FoZjRkWmtRSTBxS0dBeVNWcmMzSUlXd2xHdl82cDlpWnJYT2xHQzc1TU5aR1JZVm9NZ1BPQUVmYWs3VnFpRDZoM29jVUNnTVFzcnIycU1BTC1aOEFqQW1zUjZEbW5mYTBmN0NzT1ZZT1FtRVFyRG1jQTFFaVhWc3RNZzl4ZXMtOXNQZ0N1MjJ4QQ?oc=5,,"Lesiones dolosas a mujeres suben 95% en Edomex, primer lugar nacional
El Estado de México ocupa el primer lugar en incidencia de delitos por lesiones culposas y dolosas; este último presenta un incremento del 95.2 por ciento
Rubén Pérez
El Estado de México ocupa el primer lugar en incidencia de delitos por lesiones culposas y dolosas; este último presenta un incremento del 95.2 por ciento
Rubén Pérez",GOOGLE_NEWS_RSS
Detienen al “Peluso” por ataque con bomba molotov en Chalco - La Prensa - El Sol de México,2026-03-03 08:00,2026-03-03T08:00:00+00:00,El Sol de México,,https://oem.com.mx/la-prensa/policiaca/detienen-al-peluso-por-ataque-con-bomba-molotov-en-chalco-28764455,https://news.google.com/rss/articles/CBMiqAFBVV95cUxOcmw5eExMNU9DbEdISThpX2F0OHpEQmpFdmpxNjd2cjNDeWFnRkluVmNBVGVrRFFKRnlpbWVwRFVOanU3R3VUaVUyZzVMLUVzRWJKUG9zZUNlNjY0UEEzb0xMT1FydzhZMHBNZTBlbUsyNkQzUWh0ZE9NbTBBOHdLVE10UVJmcWtLWjFNVU44S1hfbVJEbTlRTkRmUktWcHAtbkpubkpaQ2c?oc=5,,"¡Justicia para Henry!: cae presunto implicado en ataque con bomba molotov en Chalco
La víctima y su padre estaban en una tienda comercial cuando varios individuos arribaron al lugar y arrojaron combustible para prenderle fuego
Álvaro Velázquez
La víctima y su padre estaban en una tienda comercial cuando varios individuos arribaron al lugar y arrojaron combustible para prenderle fuego
Álvaro Velázquez",GOOGLE_NEWS_RSS
Trabajadores de la Salud bloquean la avenida 1 de Mayo en Naucalpan; exigen mejores condiciones laborales - El Sol de México,2026-03-03 08:00,2026-03-03T08:00:00+00:00,El Sol de México,,https://oem.com.mx/la-prensa/metropoli/trabajadores-de-la-salud-bloquean-la-avenida-1-de-mayo-en-naucalpan-exigen-mejores-condiciones-laborales-28758087,https://news.google.com/rss/articles/CBMi5wFBVV95cUxNMkFpMDFmbTNrdWg4aHpBRlBPeHRpa2ZHNjFza2RVd2JUeF9uMk5IMnhybFFOSHZLSVVxT2xjdmh0b29sVUFmcW00dUJSRi1iaXBSNlMyekFMMGtKdHlRelRvT3dMOC1GSGthcUNpRkxLQkRmS0FJNEFGTXR1d09jVnY5Z2dpVzlqQ0l2bXI2bE5NM194NWZCZDQ5QlZoN05DNnVPN2p4LVNnRzlnT1Y4cWxZTlB1aTlCM3JET3BvUjFHUEdlOUhqRE9hYWN3aVhzZnN6MUpZMHlpZzZpZ2VSNlRwM1BuR2M?oc=5,,"Trabajadores de la Salud bloquean la avenida 1 de Mayo en Naucalpan; exigen mejores condiciones laborales
Los manifestantes acusan a un funcionario por actos de corrupción, por lo que exigen su renuncia y llegar a acuerdos con las autoridades
Últimas notas:",GOOGLE_NEWS_RSS
"Edomex, segundo lugar nacional en contratación de enfermeras del IMSS-Bienestar - El Sol de México",2026-03-03 08:00,2026-03-03T08:00:00+00:00,El Sol de México,,https://oem.com.mx/elsoldetoluca/local/edomex-segundo-lugar-nacional-en-contratacion-de-enfermeras-del-imss-bienestar-28757139,https://news.google.com/rss/articles/CBMixAFBVV95cUxQVFB3VnhVcElLQXRwWEZZd1Q5LXQ1NUZqRzFmVUJERmtibHN0OFp4UkI3a09HZHNGYjNlcXh1SGk0VUR4RnZEczl5dS14SFJXNGZWaTZERFRHdFJLVENpMmFhTWdLOWNyU01GLUJRRkxBcFVFb3lQbkhYQ3Z1QXY4WXR3U0dfUVVUQjhXS2RseGdEN2pId29iTlFSd1p4aEZjUVdGbW5MRzNIeGhBY3FTSzVBTFhxTkE1Q2I2R2RGUk5wVGZk?oc=5,,"Localmartes, 3 de marzo de 2026
Edomex, segundo lugar nacional en contratación de enfermeras del IMSS-Bienestar
Durante la conferencia matutina de este martes, las autoridades de salud informaron que durante el último trimestre de 2025 y lo que va de 2026 se han incorporado 411 enfermeras y 72 médicos al sistema estatal de salud del Estado de México",GOOGLE_NEWS_RSS
Recibirá plaza La Morenita a juventud torera en Corrida de la Resurrección - El Sol de México,2026-03-02 08:00,2026-03-02T08:00:00+00:00,El Sol de México,,https://oem.com.mx/elsoldetlaxcala/deportes/recibira-plaza-la-morenita-a-juventud-torera-en-corrida-de-la-resurreccion-28746682,https://news.google.com/rss/articles/CBMixgFBVV95cUxNQ1dMbkJoYlA1TmppSHdKWTdEY0lsdjJRWXA2UzFMd3NlWmR1UWdoRTZzanF4RmVZaXdVbVRhb1gtVzBYRnZwUGpVdjIxSXlWWnRJeVdqS2RsN3VQY0c4NlhqMFBFWVkwM2xkVmJtRWdlNWlBX0xLVzdaSHd5TkpzeWFmQ1VzUy14dlRnVHpZX2lWMnJncmVQcWYyNEdoWEJRaHk4SnY3UktRcGNqM01YdGtpaURiWmF3ejVvTFluQ21sdFVQbEE?oc=5,,"Deporteslunes, 2 de marzo de 2026Recibirá plaza La Morenita a juventud torera en Corrida de la ResurrecciónEl festejo taurino será a beneficio del DIF de Atltzayanca / FacebookXWhatsAppTelegramE-MailCopiar linkArtículo impresoCompartirSíguenos en:Mónica VargasSOBRE EL CARTEL / Watch on YouTubeTorosALTZAYANCAEntretenimientoNOTAS RELACIONADASTURISMO¿Qué hacer en Tlaxcala? Del 27 de febrero al 6 de marzoTURISMOToros en Apizaco: presentan cartel de feria y anuncian llegada de Andrés Roca Rey en mayoTURISMOConoce el programa taurino de la Feria de ApizacoMás NoticiasDEPORTESReúne Tenancingo a medallistas nacionales en carrera ciclista estatalDestacados deportistas compitieron en la carrera del municipio del sur del estadoDEPORTES¡Atención! Estrenarán el patinódromo de la Ciudad del Deporte en nueva faceta de la Olimpiada NacionalLa justa sobre ruedas ofrecerá pruebas de velocidad; cerrarán principales calles de Apizaco para competencias alternas de esta disciplinaDEPORTESCelebran la gimnasia rítmica en Tlaxcala; luchas asociadas va a Puebla en la Olimpiada Nacional 2026El deporte estatal buscará romper su récord de más medallas en la Olimpiada Nacional, en la última semana de mayoDEPORTESCalificaron cinco tlaxcaltecas para representar a México en el NACACCerró atletismo tlaxcalteca en el lugar 14 de la Olimpiada Nacional 2026LIGA MX¡Hay campeón! Cruz Azul se corona en CU y suma su décima estrella al derrotar a Pumas con gol de RotondiCruz Azul venció a Pumas en CU con un marcador de 2-1DEPORTESFátima Mena cerró en grande su etapa juvenil con oro y plata en la Olimpiada NacionalLa joven de San Pablo del Monte es de las atletas tlaxcaltecas más brillantes en el certamenDEPORTESNacional de futbol 7 reúne en Tlaxcala a 900 futbolistas de varias entidadesLa justa estuvo integrada al Programa Nacional de Turismo DeportivoLIGA MXPumas vs Cruz Azul: Sigue en vivo la gran final del Clausura 2026Pumas busca su octava estrella de la Liga MX y espera conseguirla esta noche en el Estadio Olímpico UniversitarioDEPORTESRinden homenaje a Teresita Moreno Durán, ícono del tenis en TlaxcalaDestacan la entrega por décadas de la jugadora tlaxcaltecaDEPORTESNisi Bautista conquista otro oro para Tlaxcala en la Olimpiada Nacional Conade 2026Es la décimo sexta medalla dorada para la entidad en la presente edición. Aislinn Abril Rojas ganó bronce y sumó su segunda presea en la justa nacionalLO+VISTO1LOCALAvanzan UATx y SEPE en la actualización de docentes de educación básica2LOCALConfirma Inegi disminución de empleo en el primer trimestre del presente año3DEPORTESViene el Clausura 2026: Coyotes debutará ante Mineros en Zacatecas, y en la cueva ante CancúnCOLUMNASSecretaría de las Mujeres del Estado de TlaxcalaLos cuidadosFrancisco H. ReyesBlanco y Negro / Tlaxcala se acerca a las 50 medallasVicente Morales PérezPensar, decir y hacer: responsabilidad de la 4T / Lázaro Cárdenas y la vigencia de una idea de naciónAlfonso Sánchez GarcíaTerritorio, cercanía y resultadosLO+RECIENTEDEPORTESDomina Jalisco el taekwondo de Olimpiada Nacional; Tlaxcala cierra con ocho broncesDEPORTESTlaxcala conquista su medalla de oro número 15 en la Olimpiada Nacional 2026DEPORTESNivel del taekwondo de Olimpiada ha sido exigente: Armando PérezDEPORTESTaekwondo llegó a siete bronces; Cristian Membrila ganó por TlaxcalaNewsletter¿Te quedas fuera de la conversación? Mandamos a tu correo el mejor resumen informativo.Suscríbete GratisCARTONESCARTONESPatricio PatricioCARTONESInimaginable Osvaldo
DEPORTESReúne Tenancingo a medallistas nacionales en carrera ciclista estatalDestacados deportistas compitieron en la carrera del municipio del sur del estado
DEPORTES¡Atención! Estrenarán el patinódromo de la Ciudad del Deporte en nueva faceta de la Olimpiada NacionalLa justa sobre ruedas ofrecerá pruebas de velocidad; cerrarán principales calles de Apizaco para competencias alternas de esta disciplina
DEPORTESCelebran la gimnasia rítmica en Tlaxcala; luchas asociadas va a Puebla en la Olimpiada Nacional 2026El deporte estatal buscará romper su récord de más medallas en la Olimpiada Nacional, en la última semana de mayo
DEPORTESCalificaron cinco tlaxcaltecas para representar a México en el NACACCerró atletismo tlaxcalteca en el lugar 14 de la Olimpiada Nacional 2026
LIGA MX¡Hay campeón! Cruz Azul se corona en CU y suma su décima estrella al derrotar a Pumas con gol de RotondiCruz Azul venció a Pumas en CU con un marcador de 2-1
DEPORTESFátima Mena cerró en grande su etapa juvenil con oro y plata en la Olimpiada NacionalLa joven de San Pablo del Monte es de las atletas tlaxcaltecas más brillantes en el certamen
DEPORTESNacional de futbol 7 reúne en Tlaxcala a 900 futbolistas de varias entidadesLa justa estuvo integrada al Programa Nacional de Turismo Deportivo
LIGA MXPumas vs Cruz Azul: Sigue en vivo la gran final del Clausura 2026Pumas busca su octava estrella de la Liga MX y espera conseguirla esta noche en el Estadio Olímpico Universitario
DEPORTESRinden homenaje a Teresita Moreno Durán, ícono del tenis en TlaxcalaDestacan la entrega por décadas de la jugadora tlaxcalteca
DEPORTESNisi Bautista conquista otro oro para Tlaxcala en la Olimpiada Nacional Conade 2026Es la décimo sexta medalla dorada para la entidad en la presente edición. Aislinn Abril Rojas ganó bronce y sumó su segunda presea en la justa nacional
3DEPORTESViene el Clausura 2026: Coyotes debutará ante Mineros en Zacatecas, y en la cueva ante Cancún",GOOGLE_NEWS_RSS
Suman ediles 23 viajes al extranjero; San Mateo Atenco encabeza las salidas - El Sol de Toluca - El Sol de México,2026-03-02 08:00,2026-03-02T08:00:00+00:00,El Sol de México,,https://oem.com.mx/elsoldetoluca/local/suman-ediles-23-viajes-al-extranjero-san-mateo-atenco-encabeza-las-salidas-28711659,https://news.google.com/rss/articles/CBMivwFBVV95cUxOU1BCazRfajhRZGhfNy03djV3TGV6bFk2NUF6d3luamlrRExvTHcyMFRnaG4wY0I3MG54dDVKc25mY1N4Tk9qci10MWlndW1JWDB3Mk1aazd0NWs0aVZOWG1xUXNXZEt4UUxmSFNDN3UtZ3lORTY5SVFKM3pwb0NuZllGa1MxUUFIbG5zd0ZfMUdWYlNhRlBhMGFmOFdSY0x4MmFxNDB2UXZjRkJPdHBlVWZ2cWNOWUotLWpvaVFBMA?oc=5,,"Locallunes, 2 de marzo de 2026
Alcaldes del Estado de México suman 23 viajes al extranjero sin transparentar gastos
San Mateo Atenco encabeza la lista con cuatro salidas internacionales, seguida por seis municipios con dos viajes al extranjero; Congreso mexiquense mantiene en la “congeladora” iniciativa para limitar el llamado “turismo político”
Noe Álvarez Pascual / El Sol de Toluca",GOOGLE_NEWS_RSS
Denuncian daños y lesiones a inquilinos de predio en Naucalpan; víctimas piden protección - La Prensa - El Sol de México,2026-03-02 08:00,2026-03-02T08:00:00+00:00,El Sol de México,,https://oem.com.mx/la-prensa/policiaca/denuncian-danos-y-lesiones-a-inquilinos-de-predio-en-naucalpan-victimas-piden-proteccion-28745491,https://news.google.com/rss/articles/CBMi0gFBVV95cUxNd0c2S285NUJvangyMDZaS0lQV3oxaTBCS1ljejRIUl93OXpiWE1GR2k1R1NkUURQUlR2RUpJb1dTemtkQWhQTzRrLUk1LURiTi1ObmNPMmVTTnZvQU1aWHZzUEdydWNwZTZaUW5SbS1JRnNlbEJSWXdCMHMybGN5eWpmcGg5TkNyUERhTkR1ZHhqSUpNa2F6a3Jjd3YwQ1cwaHpyVmpXWDA2ZTlFY3B3RVRGaFJrdnN4ZXdEV09ESTR0MmJHYXRIVDlKVS1BQ0FfMVE?oc=5,,"Denuncian daños y lesiones a inquilinos de predio en Naucalpan; víctimas piden protección
Vecinos de un predio en Naucalpan presentaron una querella contra Liliana N por daños y lesiones; solicitando medidas de protección ante la FGJ del Estado de México
Erika Estrada / La Prensa",GOOGLE_NEWS_RSS
MICELIOS: becan a líderes comunitarios para resolver problemas ambientales en el Edomex - El Sol de México,2026-03-01 08:00,2026-03-01T08:00:00+00:00,El Sol de México,,https://oem.com.mx/elsoldetoluca/local/micelios-becan-a-lideres-comunitarios-para-resolver-problemas-ambientales-en-el-edomex-28728290,https://news.google.com/rss/articles/CBMizwFBVV95cUxOQ1hqczlicFJMZGVfNnJVT1U3NTBFWUtQT1FkeDF2dWMxY1RXS1NfMUFLQUw3dWJITGp5M1BMMlgySU02MFZqeXBiM1h2LWtDWTVidUVHU19kSTI1WlRXN2YxZmZ2TXFUbGZQOXF6S3dRZEdrYzJUREdJVnRSV2NfaHNPbG95YnpUWktrZlJzYW5yTDNpdGFJSkdwQXpaREkyZ0ZLZzZhRE0ySG1nNXVCSzF4MGlLWDdVeWlPYzJwTXFZS2JjRnFSTzRLN0NUQlk?oc=5,,"Localdomingo, 1 de marzo de 2026
MICELIOS: becan a líderes comunitarios para resolver problemas ambientales en el Edomex
Se trata de una iniciativa del Consejo Mexiquense de Ciencia y Tecnología (Comecyt) y ya opera en 36 municipios, con capacitación y apoyo económico, MICELIOS impulsa soluciones locales en agua, medio ambiente y campo.
Paola Montoya / El Sol de Toluca",GOOGLE_NEWS_RSS
Voy a regresar más fuerte: Rodrigo Huescas y la lesión que puso a prueba su sueño mundialista - El Sol de México,2026-03-01 08:00,2026-03-01T08:00:00+00:00,El Sol de México,,https://oem.com.mx/elsoldetoluca/deportes/voy-a-regresar-mas-fuerte-rodrigo-huescas-y-la-lesion-que-puso-a-prueba-su-sueno-mundialista-28726340,https://news.google.com/rss/articles/CBMi2wFBVV95cUxPbTZmVHFlamJMN19FSk1sakNPaFp2em1xbkpMSURnU3JfUTVoNllscEh2Mi1kd3BrV1phcW5vMDAwMnVaNXJnYkpoNUkzbm5VZHh6aUgzYWhTTlhzcTJ0VElEbE5PY1ZjOFc4ZXV6VElQcjduRjM1aDRMNnJZT1BPeVQ1RVhRY3BQdi1PN2NuSUgwV3ExWW5TVkpVb2pocDFPUDJQSnJSS0kxejFDeVBIZEZtaWlpd21kcjZDTThHSmtfT0wxanM4WkxsUHJmSnJzYzVSYUlGaEtpdnM?oc=5,,"Deportesdomingo, 1 de marzo de 2026
Voy a regresar más fuerte: Rodrigo Huescas y la lesión que puso a prueba su sueño mundialista
El mexiquense Rodrigo Huescas habló por primera vez sobre la lesión que frenó su gran momento en Europa y puso a prueba su sueño mundialista. Con fe, respaldo familiar y objetivos claros, el futbolista trabaja en su recuperación con la ilusión intacta de volver más fuerte a las canchas y a la selección nacional",GOOGLE_NEWS_RSS
Reprograman el Nacional Ademeba 3x3; Edomex mantiene su lugar - El Sol de México,2026-03-01 08:00,2026-03-01T08:00:00+00:00,El Sol de México,,https://oem.com.mx/elsoldetoluca/deportes/reprograman-el-nacional-ademeba-3x3-el-estado-de-mexico-conserva-su-lugar-28726335,https://news.google.com/rss/articles/CBMiwgFBVV95cUxNTk5OQ3laYmxpWGZ1bUtqSUctcHhIRzdnRTliSzhCSkxIUmJHTHU2bVlvUmtLQzMyVWJnSVE5eXU5bGpsUHNNTTkzUDVzSTEtT1lHMDQ1MzcxNmdWN2E2YkgwYlVXWmxNd0ZWN1dlaXdta2k3N1ktSnJ4VW1CbWd4X0VNdjhDRVBvdzVUTUZ5WW93YzNDTlRDMmFBblVBZlhsRnNNTzFaTzFFLUFRNW5RblI4WU9KUDM0VEhPckFtNjlfZw?oc=5,,"Deportesdomingo, 1 de marzo de 2026
Reprograman el Nacional Ademeba 3x3; Edomex mantiene su lugar
Tras arrasar en la etapa estatal, los equipos mexiquenses competirán del 23 al 26 de abril en León, sede que se mantiene pese a los cambios.
Humberto Ávila / El Sol de Toluca",GOOGLE_NEWS_RSS
"Tráfico, bloqueos e inseguridad asfixian la vida diaria en el Estado de México - El Sol de México",2026-03-01 08:00,2026-03-01T08:00:00+00:00,El Sol de México,,https://oem.com.mx/elsoldetoluca/local/trafico-bloqueos-e-inseguridad-asfixian-la-vida-diaria-en-el-estado-de-mexico-28727149,https://news.google.com/rss/articles/CBMiwwFBVV95cUxPc2ZseENmT3ItYmxSREt0WXZKb1IxN3lacmlBZlJtRjc5cGExazJPWkktTktDa1ZXLVFoZzhGa3dnNGxXU0VrdVU5MjA1XzYyQ2E0eERJOVZubDBEZ1V6VTFqdGIzVDl4aHdMLU1EZDdpb09vUVFoc3VTNzhqSnNjN2xxdHk3VXNCdXZFc1JnZGp6Wnp6eGxwcnZfVkwtOXIwUFZWdjZFT0FIWmpSVVpNNWtfZzVEZzZhZ2V3TDdsX21CaTQ?oc=5,,"Localdomingo, 1 de marzo de 2026
Tráfico, bloqueos e inseguridad asfixian la vida diaria en el Estado de México
Entre congestionamientos viales, bloqueos constantes y una alta percepción de inseguridad, millones de mexiquenses enfrentan traslados cada vez más largos y riesgosos, en una entidad donde moverse ya no es solo cuestión de tiempo, sino de seguridad y resistencia cotidiana
Alan Jimenez",GOOGLE_NEWS_RSS
